round_epochs,val_loss,loss,regularizer,lambda,Dropout,hidden_layers,hidden_nodes,epochs
1000,15.042065916086564,12.862849549825977,<function l1 at 0x1a25311bf8>,0.01,0.25,3,100,1000
1000,16.72978621359551,15.176886995948454,<function l1 at 0x1a25311bf8>,0.05,0.5,1,200,1000
300,15.845864014134873,14.021880479253161,<function l1 at 0x1a25311bf8>,0.05,0.1,0,100,300
300,14.774993857481864,11.239962407713703,<function l1 at 0x1a25311bf8>,0.005,0.1,2,50,300
300,18.661180861078027,16.422128137348732,<function l1 at 0x1a25311bf8>,0.1,0.5,3,50,300
1000,14.602680988865352,12.0380795512302,<function l1 at 0x1a25311bf8>,0.005,0.25,1,100,1000
1000,16.998248200932405,15.407032427674377,<function l1 at 0x1a25311bf8>,0.1,0.25,1,50,1000
1000,13.937765464933692,11.89342593768715,<function l1 at 0x1a25311bf8>,0.005,0.25,0,150,1000
500,16.943346234928022,15.624484327884385,<function l1 at 0x1a25311bf8>,0.05,0.5,1,200,500
1000,15.354141726028322,13.775803990434277,<function l1 at 0x1a25311bf8>,0.05,0.1,1,200,1000
300,14.44934608565157,12.465049040547044,<function l1 at 0x1a25311bf8>,0.01,0.1,1,100,300
300,16.592182831273544,14.853475508036457,<function l1 at 0x1a25311bf8>,0.1,0.1,0,50,300
300,14.729423790934218,12.664899937293807,<function l1 at 0x1a25311bf8>,0.005,0.25,3,50,300
300,16.150469712028404,14.861203949691756,<function l1 at 0x1a25311bf8>,0.05,0.1,3,100,300
300,16.875898076865163,15.20201842242162,<function l1 at 0x1a25311bf8>,0.1,0.25,0,150,300
500,16.74233342978445,15.495765381464198,<function l1 at 0x1a25311bf8>,0.05,0.5,1,150,500
500,14.481953714013414,12.648668304305115,<function l1 at 0x1a25311bf8>,0.01,0.25,0,50,500
1000,14.070392180873096,11.96073481882685,<function l1 at 0x1a25311bf8>,0.005,0.25,0,200,1000
1000,18.377444169137597,16.081474752415346,<function l1 at 0x1a25311bf8>,0.1,0.5,1,150,1000
500,18.606951834343985,16.301206407298586,<function l1 at 0x1a25311bf8>,0.1,0.5,2,100,500
1000,16.425977661615942,14.763848587718718,<function l1 at 0x1a25311bf8>,0.05,0.5,0,50,1000
1000,16.356946202884565,14.811395853589103,<function l1 at 0x1a25311bf8>,0.1,0.1,1,50,1000
1000,14.96426511251203,13.830123188541538,<function l1 at 0x1a25311bf8>,0.01,0.5,2,50,1000
500,15.662979975224799,14.419150439961175,<function l1 at 0x1a25311bf8>,0.01,0.5,3,50,500
300,17.86701420555014,16.44463911628939,<function l1 at 0x1a25311bf8>,0.1,0.5,1,50,300
500,16.569090767711952,15.244350916126981,<function l1 at 0x1a25311bf8>,0.1,0.1,1,150,500
1000,14.818436781145966,12.087456123205165,<function l1 at 0x1a25311bf8>,0.01,0.1,2,100,1000
500,14.433971374833805,11.837092003222905,<function l1 at 0x1a25311bf8>,0.005,0.1,1,200,500
1000,18.205076939826906,16.771364654852068,<function l1 at 0x1a25311bf8>,0.05,0.5,3,100,1000
300,15.841316230693405,14.070510292917254,<function l1 at 0x1a25311bf8>,0.05,0.1,0,200,300
300,17.047196863823643,15.748272708426246,<function l1 at 0x1a25311bf8>,0.1,0.5,0,200,300
500,18.103438362282624,16.701812933147426,<function l1 at 0x1a25311bf8>,0.05,0.5,3,100,500
300,14.886891227913406,13.604150403801475,<function l1 at 0x1a25311bf8>,0.01,0.5,0,200,300
500,18.69992451428738,16.39946334467334,<function l1 at 0x1a25311bf8>,0.05,0.1,3,150,500
500,15.422123020745833,14.301219410966503,<function l1 at 0x1a25311bf8>,0.01,0.5,3,200,500
300,19.025151685548646,16.7508449878455,<function l1 at 0x1a25311bf8>,0.05,0.5,3,200,300
500,14.435894433929926,11.43750827633781,<function l1 at 0x1a25311bf8>,0.005,0.1,2,150,500
500,18.494140393501223,16.23763128153195,<function l1 at 0x1a25311bf8>,0.1,0.5,2,50,500
500,16.578828456848466,14.82244537586804,<function l1 at 0x1a25311bf8>,0.1,0.1,1,100,500
500,14.735445444061762,13.443620407432824,<function l1 at 0x1a25311bf8>,0.01,0.5,0,200,500
1000,15.194011968798877,13.396270021846853,<function l1 at 0x1a25311bf8>,0.05,0.1,0,150,1000
500,14.561899838158197,13.053907774582859,<function l1 at 0x1a25311bf8>,0.005,0.5,1,50,500
500,18.990033255403464,16.70017142420042,<function l1 at 0x1a25311bf8>,0.1,0.1,2,200,500
500,14.188293766535052,12.339749740177211,<function l1 at 0x1a25311bf8>,0.005,0.25,0,100,500
300,16.30970925706043,14.666332288074601,<function l1 at 0x1a25311bf8>,0.05,0.5,0,100,300
500,14.461164035394512,12.10919342386628,<function l1 at 0x1a25311bf8>,0.005,0.25,1,100,500
1000,15.75391807908433,14.334591099791997,<function l1 at 0x1a25311bf8>,0.05,0.1,2,200,1000
500,18.929961448609042,16.686007859347765,<function l1 at 0x1a25311bf8>,0.05,0.5,3,200,500
1000,15.411324616786986,11.785016260762717,<function l1 at 0x1a25311bf8>,0.01,0.1,3,200,1000
500,18.92078702368019,16.632085724568178,<function l1 at 0x1a25311bf8>,0.05,0.1,3,200,500
500,14.777680526622682,13.505686613063444,<function l1 at 0x1a25311bf8>,0.01,0.5,1,150,500
300,18.980290088301285,16.710131065221766,<function l1 at 0x1a25311bf8>,0.05,0.1,3,200,300
1000,15.398982996676402,11.78348783188471,<function l1 at 0x1a25311bf8>,0.005,0.25,3,150,1000
300,15.174488709281176,12.929450107457818,<function l1 at 0x1a25311bf8>,0.01,0.1,3,200,300
300,14.552128065859108,13.008402224980287,<function l1 at 0x1a25311bf8>,0.005,0.5,1,200,300
300,16.33641431199529,14.825411541680653,<function l1 at 0x1a25311bf8>,0.05,0.5,0,200,300
1000,14.839792681872687,11.91820854670869,<function l1 at 0x1a25311bf8>,0.005,0.25,2,150,1000
1000,14.836079981207533,12.937557539070449,<function l1 at 0x1a25311bf8>,0.005,0.5,2,200,1000
1000,15.094573656298554,13.69639782025347,<function l1 at 0x1a25311bf8>,0.01,0.5,2,100,1000
1000,16.137630140561228,14.397813063650682,<function l1 at 0x1a25311bf8>,0.1,0.1,0,50,1000
500,18.509203447830078,16.249826312470137,<function l1 at 0x1a25311bf8>,0.1,0.1,1,200,500
500,14.608934449017205,12.75363245204783,<function l1 at 0x1a25311bf8>,0.005,0.5,1,150,500
1000,17.696618457582822,15.942978842747172,<function l1 at 0x1a25311bf8>,0.1,0.5,1,50,1000
1000,18.676866244514887,16.402952032208038,<function l1 at 0x1a25311bf8>,0.1,0.1,2,150,1000
500,14.877318418749404,12.3026566057216,<function l1 at 0x1a25311bf8>,0.01,0.1,3,200,500
1000,15.887312831224426,14.340900023688276,<function l1 at 0x1a25311bf8>,0.05,0.25,0,150,1000
300,16.70801806386983,15.048579331567577,<function l1 at 0x1a25311bf8>,0.1,0.25,0,50,300
500,14.259205379083477,11.987011829561988,<function l1 at 0x1a25311bf8>,0.005,0.1,0,150,500
500,16.246163534300308,14.573175028523394,<function l1 at 0x1a25311bf8>,0.1,0.1,0,50,500
500,15.988438508126855,14.47513966760171,<function l1 at 0x1a25311bf8>,0.05,0.1,1,100,500
300,14.556239763476288,12.962433896005356,<function l1 at 0x1a25311bf8>,0.005,0.5,1,100,300
500,14.694335480793171,13.310629435330798,<function l1 at 0x1a25311bf8>,0.005,0.5,2,150,500
300,14.857062148544593,13.640969010738662,<function l1 at 0x1a25311bf8>,0.01,0.5,0,100,300
500,18.930490790696762,16.675112559058253,<function l1 at 0x1a25311bf8>,0.05,0.25,3,200,500
300,14.374607512692977,12.458254430734153,<function l1 at 0x1a25311bf8>,0.005,0.25,0,150,300
1000,14.200440308663964,12.38402985824464,<function l1 at 0x1a25311bf8>,0.005,0.5,0,100,1000
500,14.974453318402132,13.12020216063762,<function l1 at 0x1a25311bf8>,0.01,0.25,2,50,500
500,18.49355798786737,16.24150854004874,<function l1 at 0x1a25311bf8>,0.1,0.5,1,150,500
500,14.462514288507226,12.731337767630174,<function l1 at 0x1a25311bf8>,0.005,0.5,1,100,500
500,15.953883309477552,14.502659581660684,<function l1 at 0x1a25311bf8>,0.05,0.1,2,100,500
300,17.751872875445123,16.885446147767496,<function l1 at 0x1a25311bf8>,0.05,0.5,3,50,300
1000,18.905977186238232,16.601123254674476,<function l1 at 0x1a25311bf8>,0.1,0.1,2,200,1000
1000,16.826020024382657,15.317607922840226,<function l1 at 0x1a25311bf8>,0.05,0.5,1,150,1000
500,15.21242872202931,13.543146760925431,<function l1 at 0x1a25311bf8>,0.005,0.5,3,200,500
500,16.686111508070006,15.036306690116701,<function l1 at 0x1a25311bf8>,0.1,0.1,1,50,500
1000,14.831153287107522,11.774247931462048,<function l1 at 0x1a25311bf8>,0.01,0.1,2,50,1000
1000,14.750307941185138,12.863089729948465,<function l1 at 0x1a25311bf8>,0.01,0.25,2,50,1000
1000,18.508265150568416,16.244085506296646,<function l1 at 0x1a25311bf8>,0.1,0.1,2,100,1000
1000,14.629257563236207,13.102152669956299,<function l1 at 0x1a25311bf8>,0.01,0.5,0,50,1000
1000,14.195489589016796,12.441103420063161,<function l1 at 0x1a25311bf8>,0.005,0.5,0,150,1000
500,15.861249141139531,14.38031309134288,<function l1 at 0x1a25311bf8>,0.05,0.1,1,50,500
500,18.1872697266551,16.64571593166883,<function l1 at 0x1a25311bf8>,0.05,0.5,2,200,500
1000,17.63935830159049,16.186427304320805,<function l1 at 0x1a25311bf8>,0.1,0.5,1,100,1000
300,14.509863586727736,12.627999221482066,<function l1 at 0x1a25311bf8>,0.01,0.1,0,50,300
1000,14.77893379558674,11.88818795494693,<function l1 at 0x1a25311bf8>,0.005,0.25,2,100,1000
300,16.835091122851207,15.541544212220344,<function l1 at 0x1a25311bf8>,0.05,0.5,1,100,300
300,17.300308821383755,15.982051733801075,<function l1 at 0x1a25311bf8>,0.05,0.5,2,50,300
300,14.676640794899972,13.275214453380753,<function l1 at 0x1a25311bf8>,0.005,0.5,2,100,300
500,16.753834243814676,15.592265585945794,<function l1 at 0x1a25311bf8>,0.05,0.25,3,50,500
500,14.98233296185496,12.456158672561731,<function l1 at 0x1a25311bf8>,0.005,0.25,3,200,500
300,14.669867513047674,13.038187154422126,<function l1 at 0x1a25311bf8>,0.01,0.25,1,200,300
300,15.21656202452164,13.673201187280675,<function l1 at 0x1a25311bf8>,0.01,0.5,1,200,300
500,18.727688228234765,16.498592575436135,<function l1 at 0x1a25311bf8>,0.1,0.25,3,100,500
300,14.690985336152734,13.244599034535115,<function l1 at 0x1a25311bf8>,0.01,0.25,2,50,300
300,15.744328111331507,14.009131305215043,<function l1 at 0x1a25311bf8>,0.05,0.1,2,50,300
300,15.954834022119366,14.340806094868402,<function l1 at 0x1a25311bf8>,0.05,0.1,1,100,300
1000,16.553919351824355,15.230868787754703,<function l1 at 0x1a25311bf8>,0.05,0.25,2,100,1000
1000,18.642466409225264,16.377745590555573,<function l1 at 0x1a25311bf8>,0.05,0.1,3,150,1000
300,15.55282291573396,14.505316209415078,<function l1 at 0x1a25311bf8>,0.01,0.5,3,100,300
1000,18.385379630217138,16.081506569280226,<function l1 at 0x1a25311bf8>,0.1,0.25,2,50,1000
500,14.86290636666532,13.083916447035724,<function l1 at 0x1a25311bf8>,0.01,0.5,1,50,500
500,14.458872830333055,12.405880021886944,<function l1 at 0x1a25311bf8>,0.01,0.1,0,100,500
500,15.784774037967571,14.2922155740982,<function l1 at 0x1a25311bf8>,0.05,0.1,2,150,500
500,18.99056856110102,16.70779350902864,<function l1 at 0x1a25311bf8>,0.1,0.5,2,200,500
1000,15.61501123534029,13.882558664946162,<function l1 at 0x1a25311bf8>,0.05,0.1,0,100,1000
300,16.25258421834981,14.812166193468519,<function l1 at 0x1a25311bf8>,0.05,0.5,0,150,300
300,18.850259237364916,16.58629379834081,<function l1 at 0x1a25311bf8>,0.1,0.5,3,100,300
500,14.27962689915559,11.844197935858237,<function l1 at 0x1a25311bf8>,0.005,0.1,1,100,500
500,14.136057677558355,11.851724997247198,<function l1 at 0x1a25311bf8>,0.005,0.1,0,100,500
1000,16.186576392845616,14.489808216505386,<function l1 at 0x1a25311bf8>,0.1,0.1,0,100,1000
500,14.73876929975122,13.389878031621567,<function l1 at 0x1a25311bf8>,0.005,0.5,2,100,500
300,16.645711579234746,14.748883913759467,<function l1 at 0x1a25311bf8>,0.1,0.1,0,100,300
300,14.79332153652463,13.123112332915396,<function l1 at 0x1a25311bf8>,0.005,0.5,2,150,300
300,16.482621756581327,14.680901334077829,<function l1 at 0x1a25311bf8>,0.1,0.1,0,200,300
300,14.551820247972232,12.66689997378184,<function l1 at 0x1a25311bf8>,0.01,0.1,0,150,300
1000,19.38906521407155,17.131434951471174,<function l1 at 0x1a25311bf8>,0.1,0.25,3,200,1000
300,14.339190962446711,12.953426417786025,<function l1 at 0x1a25311bf8>,0.005,0.5,1,50,300
500,14.705409570860045,12.066224700867252,<function l1 at 0x1a25311bf8>,0.01,0.1,2,50,500
300,14.533364100946914,12.589132344601243,<function l1 at 0x1a25311bf8>,0.01,0.1,1,150,300
500,16.08403691767388,14.409261273635744,<function l1 at 0x1a25311bf8>,0.05,0.25,0,150,500
500,16.221037482208814,14.638654303847732,<function l1 at 0x1a25311bf8>,0.05,0.5,0,50,500
1000,14.437928906845858,11.478074407523513,<function l1 at 0x1a25311bf8>,0.005,0.1,1,100,1000
1000,14.37432115247822,12.845408689125208,<function l1 at 0x1a25311bf8>,0.005,0.5,1,50,1000
1000,15.464687214048682,11.765523260339066,<function l1 at 0x1a25311bf8>,0.01,0.1,3,50,1000
300,15.022473062248531,13.23281470241525,<function l1 at 0x1a25311bf8>,0.01,0.25,2,200,300
1000,18.637470512088182,16.382063122594882,<function l1 at 0x1a25311bf8>,0.05,0.25,3,150,1000
500,16.993979046401375,15.45238324550918,<function l1 at 0x1a25311bf8>,0.1,0.5,0,50,500
1000,15.64847415732834,14.173184229590479,<function l1 at 0x1a25311bf8>,0.05,0.1,1,100,1000
500,17.074197165255182,15.5132632250154,<function l1 at 0x1a25311bf8>,0.1,0.25,1,150,500
1000,16.33521187965977,15.388349168027919,<function l1 at 0x1a25311bf8>,0.05,0.25,3,50,1000
1000,16.268895967025557,14.907759241987598,<function l1 at 0x1a25311bf8>,0.05,0.25,2,200,1000
300,19.09587839473835,16.737649124854013,<function l1 at 0x1a25311bf8>,0.1,0.25,2,200,300
500,14.310623033065594,11.655607087425846,<function l1 at 0x1a25311bf8>,0.005,0.1,1,50,500
500,14.214336406586982,12.043711394442843,<function l1 at 0x1a25311bf8>,0.005,0.1,0,200,500
500,14.511982935399683,12.431415891593337,<function l1 at 0x1a25311bf8>,0.005,0.25,2,50,500
1000,14.06461210426995,11.79059342646788,<function l1 at 0x1a25311bf8>,0.005,0.1,0,150,1000
300,14.360892225381253,11.95241129735858,<function l1 at 0x1a25311bf8>,0.005,0.1,1,150,300
500,17.390248935266662,16.05292975835055,<function l1 at 0x1a25311bf8>,0.05,0.5,2,100,500
1000,15.859375895799621,14.386242665628885,<function l1 at 0x1a25311bf8>,0.05,0.25,1,150,1000
300,15.541793380374958,14.351512349475415,<function l1 at 0x1a25311bf8>,0.01,0.5,3,200,300
300,15.943042483367517,14.060660793179158,<function l1 at 0x1a25311bf8>,0.05,0.1,0,50,300
1000,15.247130024087147,13.777960632557507,<function l1 at 0x1a25311bf8>,0.05,0.1,1,50,1000
300,19.179941773729148,16.926265031808096,<function l1 at 0x1a25311bf8>,0.1,0.5,3,150,300
500,16.333003167426682,15.304866754050163,<function l1 at 0x1a25311bf8>,0.05,0.25,2,50,500
500,16.64886730264548,14.748357715585088,<function l1 at 0x1a25311bf8>,0.1,0.25,0,100,500
300,19.597029512350037,17.315430333363242,<function l1 at 0x1a25311bf8>,0.1,0.25,3,200,300
1000,15.300570646502411,14.325494669031853,<function l1 at 0x1a25311bf8>,0.01,0.5,3,200,1000
300,15.018491835581596,13.778226724972406,<function l1 at 0x1a25311bf8>,0.01,0.5,1,150,300
300,16.616348176015084,14.845176698937422,<function l1 at 0x1a25311bf8>,0.1,0.1,1,50,300
500,15.487914638972219,14.523082025728842,<function l1 at 0x1a25311bf8>,0.01,0.5,3,100,500
1000,14.556129119641549,11.327715222454827,<function l1 at 0x1a25311bf8>,0.005,0.1,1,200,1000
300,18.711693869417136,16.422379077898416,<function l1 at 0x1a25311bf8>,0.1,0.25,2,100,300
300,16.381369321516132,14.834382278597909,<function l1 at 0x1a25311bf8>,0.05,0.5,0,50,300
1000,16.146145022953405,14.383786780377882,<function l1 at 0x1a25311bf8>,0.05,0.25,1,200,1000
300,18.891471321790387,16.656159522984332,<function l1 at 0x1a25311bf8>,0.1,0.5,2,150,300
1000,14.078540395620944,11.588660204532058,<function l1 at 0x1a25311bf8>,0.005,0.1,0,200,1000
1000,15.81711276414212,14.302824343317363,<function l1 at 0x1a25311bf8>,0.05,0.1,1,150,1000
300,14.631633197412013,13.225621828271471,<function l1 at 0x1a25311bf8>,0.005,0.5,0,200,300
300,16.318285884202943,14.734785764700694,<function l1 at 0x1a25311bf8>,0.05,0.1,2,150,300
300,18.638869932270303,16.33089993521149,<function l1 at 0x1a25311bf8>,0.1,0.1,3,50,300
300,14.914720905173107,13.420988422017945,<function l1 at 0x1a25311bf8>,0.005,0.5,2,200,300
1000,18.942939949538903,16.656134730692223,<function l1 at 0x1a25311bf8>,0.1,0.25,3,150,1000
1000,15.234966442893237,13.5586611811464,<function l1 at 0x1a25311bf8>,0.005,0.5,3,200,1000
300,17.022333016810755,15.727758111662125,<function l1 at 0x1a25311bf8>,0.05,0.5,1,50,300
300,15.25114495773114,13.447730846340226,<function l1 at 0x1a25311bf8>,0.01,0.5,2,150,300
500,16.228727252628055,14.509178063337558,<function l1 at 0x1a25311bf8>,0.05,0.5,0,150,500
1000,14.302439965170104,12.548567028304864,<function l1 at 0x1a25311bf8>,0.01,0.25,0,200,1000
500,17.108233200214155,15.80537638118826,<function l1 at 0x1a25311bf8>,0.1,0.1,3,50,500
1000,14.604393397912501,13.129227414676585,<function l1 at 0x1a25311bf8>,0.01,0.5,0,200,1000
500,15.221027547891662,11.236583398665605,<function l1 at 0x1a25311bf8>,0.01,0.1,3,50,500
1000,14.999485302726322,10.963600959000203,<function l1 at 0x1a25311bf8>,0.005,0.1,2,150,1000
300,16.397372389217164,15.002876899520512,<function l1 at 0x1a25311bf8>,0.05,0.25,1,100,300
300,15.0755437382922,12.432374879700951,<function l1 at 0x1a25311bf8>,0.01,0.1,3,100,300
300,14.667257155466206,11.907416228124806,<function l1 at 0x1a25311bf8>,0.005,0.1,3,200,300
1000,17.078297418780565,15.556431058579095,<function l1 at 0x1a25311bf8>,0.1,0.25,1,200,1000
300,14.403437428235378,11.488806326014,<function l1 at 0x1a25311bf8>,0.005,0.1,2,200,300
500,14.678253470750471,13.128195148092164,<function l1 at 0x1a25311bf8>,0.01,0.25,2,100,500
300,14.484007376165064,12.947697854393066,<function l1 at 0x1a25311bf8>,0.005,0.5,1,150,300
300,14.796953890757699,13.380008640267706,<function l1 at 0x1a25311bf8>,0.01,0.5,0,150,300
1000,18.605471465078068,16.321521080768797,<function l1 at 0x1a25311bf8>,0.1,0.5,3,100,1000
1000,15.242390952198361,11.419412685277642,<function l1 at 0x1a25311bf8>,0.005,0.25,3,50,1000
1000,14.672318959299051,11.86889147623479,<function l1 at 0x1a25311bf8>,0.005,0.25,2,50,1000
500,14.578042742444847,12.794570095541793,<function l1 at 0x1a25311bf8>,0.01,0.25,1,200,500
300,14.514608963183804,12.606838641053283,<function l1 at 0x1a25311bf8>,0.01,0.1,1,50,300
500,15.92864741624817,14.668702790853256,<function l1 at 0x1a25311bf8>,0.05,0.25,1,50,500
1000,16.66092809963981,15.52083499515313,<function l1 at 0x1a25311bf8>,0.05,0.25,3,100,1000
1000,14.792101130321976,12.737109425113804,<function l1 at 0x1a25311bf8>,0.005,0.5,2,100,1000
500,15.182279883714338,13.757400294527462,<function l1 at 0x1a25311bf8>,0.01,0.5,2,200,500
1000,14.32184897374981,12.042692931835136,<function l1 at 0x1a25311bf8>,0.01,0.1,0,200,1000
1000,16.200011406850688,14.538547837720722,<function l1 at 0x1a25311bf8>,0.05,0.5,0,100,1000
300,14.52809806612362,12.46664320815055,<function l1 at 0x1a25311bf8>,0.005,0.25,1,150,300
1000,14.34777027069736,12.280446367922618,<function l1 at 0x1a25311bf8>,0.01,0.1,0,150,1000
1000,14.98715241414576,13.571415478888886,<function l1 at 0x1a25311bf8>,0.005,0.5,3,150,1000
300,18.982316872689843,16.754102815993104,<function l1 at 0x1a25311bf8>,0.05,0.25,3,200,300
300,14.382388626994432,12.657957547923312,<function l1 at 0x1a25311bf8>,0.005,0.25,0,100,300
500,16.6170037881051,15.380094383473034,<function l1 at 0x1a25311bf8>,0.05,0.25,2,100,500
500,14.679482110257513,12.262559983630412,<function l1 at 0x1a25311bf8>,0.005,0.25,3,150,500
300,14.617268933469827,13.302762366367224,<function l1 at 0x1a25311bf8>,0.005,0.5,0,150,300
300,17.07157785471008,15.45788707279538,<function l1 at 0x1a25311bf8>,0.1,0.5,0,150,300
500,14.466374484089874,12.29550335604364,<function l1 at 0x1a25311bf8>,0.01,0.1,0,50,500
300,15.09612716911336,13.665629275657853,<function l1 at 0x1a25311bf8>,0.01,0.25,3,50,300
500,16.481778469437973,14.824320268252968,<function l1 at 0x1a25311bf8>,0.1,0.1,0,150,500
500,14.854116417172717,13.141178924392062,<function l1 at 0x1a25311bf8>,0.005,0.5,2,50,500
1000,18.416292578060585,16.121102847167347,<function l1 at 0x1a25311bf8>,0.1,0.25,3,50,1000
300,14.534541922697606,12.56481943152094,<function l1 at 0x1a25311bf8>,0.01,0.1,0,100,300
1000,15.27615365881404,13.808464805240135,<function l1 at 0x1a25311bf8>,0.01,0.5,2,200,1000
1000,14.612486260547486,13.004933040787382,<function l1 at 0x1a25311bf8>,0.01,0.5,0,100,1000
500,15.713550673311179,14.577195822045056,<function l1 at 0x1a25311bf8>,0.01,0.5,3,150,500
500,16.152845687161648,14.63491531838647,<function l1 at 0x1a25311bf8>,0.05,0.1,2,200,500
1000,17.5153034909734,16.133921995843387,<function l1 at 0x1a25311bf8>,0.05,0.5,2,100,1000
500,14.900352274207767,11.70587375830956,<function l1 at 0x1a25311bf8>,0.005,0.25,3,50,500
1000,16.957780536057765,15.51656440808306,<function l1 at 0x1a25311bf8>,0.1,0.25,1,100,1000
1000,18.389805164689438,16.1109649738126,<function l1 at 0x1a25311bf8>,0.1,0.25,1,150,1000
300,19.069782717561345,16.791534787801222,<function l1 at 0x1a25311bf8>,0.1,0.1,2,200,300
500,14.836629824776763,11.257114442801557,<function l1 at 0x1a25311bf8>,0.005,0.1,2,100,500
300,14.34558578154028,11.506622824231469,<function l1 at 0x1a25311bf8>,0.005,0.1,2,150,300
1000,14.695400943856756,12.858094257514582,<function l1 at 0x1a25311bf8>,0.005,0.5,1,200,1000
500,14.609700289753937,11.98688939635643,<function l1 at 0x1a25311bf8>,0.005,0.25,2,150,500
500,17.806256475423446,16.33216209238815,<function l1 at 0x1a25311bf8>,0.1,0.5,1,50,500
500,14.855837369028055,13.064393001396551,<function l1 at 0x1a25311bf8>,0.005,0.5,2,200,500
1000,15.127409655689249,10.495618454057254,<function l1 at 0x1a25311bf8>,0.005,0.1,2,50,1000
1000,14.303397904599876,12.017488134001821,<function l1 at 0x1a25311bf8>,0.01,0.1,0,100,1000
1000,16.71289402450924,15.417829513549805,<function l1 at 0x1a25311bf8>,0.05,0.25,2,150,1000
500,14.464945882480189,12.954139973002139,<function l1 at 0x1a25311bf8>,0.005,0.5,0,50,500
1000,14.126585460904407,11.806717255917437,<function l1 at 0x1a25311bf8>,0.005,0.1,0,50,1000
1000,14.54752438552776,12.013064843476966,<function l1 at 0x1a25311bf8>,0.005,0.25,1,50,1000
300,14.317627321761641,11.953391164777504,<function l1 at 0x1a25311bf8>,0.005,0.1,1,50,300
500,14.22356327353807,12.094967514850275,<function l1 at 0x1a25311bf8>,0.005,0.25,0,150,500
1000,15.87883876307344,14.122905601596509,<function l1 at 0x1a25311bf8>,0.05,0.1,3,100,1000
1000,15.46331118279208,12.154607351611991,<function l1 at 0x1a25311bf8>,0.01,0.1,3,100,1000
1000,14.919612640441251,11.493763052053657,<function l1 at 0x1a25311bf8>,0.005,0.25,3,100,1000
500,18.72387129901896,16.46548286839763,<function l1 at 0x1a25311bf8>,0.1,0.5,3,100,500
500,18.77352611119011,16.522108949594294,<function l1 at 0x1a25311bf8>,0.1,0.25,2,150,500
500,16.96632676137154,15.446745375679681,<function l1 at 0x1a25311bf8>,0.05,0.25,3,100,500
500,17.022681691715775,15.402575526340092,<function l1 at 0x1a25311bf8>,0.1,0.5,0,150,500
500,18.51082115123014,16.21176504305778,<function l1 at 0x1a25311bf8>,0.1,0.25,1,200,500
500,16.3538470834415,14.995039403101057,<function l1 at 0x1a25311bf8>,0.05,0.25,1,100,500
500,15.182671485286903,13.497274799498129,<function l1 at 0x1a25311bf8>,0.01,0.5,2,100,500
1000,17.561391588880394,16.331067538882436,<function l1 at 0x1a25311bf8>,0.05,0.5,2,150,1000
500,14.388636573952546,12.399616234974845,<function l1 at 0x1a25311bf8>,0.01,0.1,1,150,500
1000,15.198344141323522,11.992640273352306,<function l1 at 0x1a25311bf8>,0.01,0.1,2,200,1000
300,15.247889689845586,13.682359094932963,<function l1 at 0x1a25311bf8>,0.005,0.5,3,200,300
500,16.68305482839217,15.060185051180364,<function l1 at 0x1a25311bf8>,0.1,0.25,0,200,500
300,14.580282971223614,12.326874766992416,<function l1 at 0x1a25311bf8>,0.005,0.25,2,50,300
300,15.273822544118032,11.448196548837767,<function l1 at 0x1a25311bf8>,0.005,0.1,3,150,300
300,14.532164289328543,12.51788842232554,<function l1 at 0x1a25311bf8>,0.005,0.25,2,150,300
500,14.142458233795569,12.277976544770082,<function l1 at 0x1a25311bf8>,0.005,0.25,0,50,500
1000,15.050315923615306,13.715412441223421,<function l1 at 0x1a25311bf8>,0.01,0.5,2,150,1000
300,16.289163622189324,15.123769170430617,<function l1 at 0x1a25311bf8>,0.05,0.25,2,50,300
500,16.99332999176589,15.737573298565529,<function l1 at 0x1a25311bf8>,0.05,0.5,1,50,500
500,14.731892098852072,12.909845350012773,<function l1 at 0x1a25311bf8>,0.01,0.25,2,150,500
1000,14.49374380212346,13.16285881612741,<function l1 at 0x1a25311bf8>,0.01,0.5,0,150,1000
500,14.751814189246588,13.627363453364993,<function l1 at 0x1a25311bf8>,0.005,0.5,3,100,500
1000,15.395797369662564,14.153090090335834,<function l1 at 0x1a25311bf8>,0.05,0.1,2,50,1000
300,14.445533536040374,12.253956497728081,<function l1 at 0x1a25311bf8>,0.005,0.25,1,200,300
300,15.296441405303874,13.875408382134962,<function l1 at 0x1a25311bf8>,0.01,0.5,2,200,300
300,18.830543424963636,16.578656050788993,<function l1 at 0x1a25311bf8>,0.1,0.25,3,100,300
300,18.64032782099178,16.3427420396902,<function l1 at 0x1a25311bf8>,0.1,0.25,3,50,300
500,14.326775641428764,12.181645668781492,<function l1 at 0x1a25311bf8>,0.005,0.25,1,50,500
300,15.250250003583199,14.245913575756726,<function l1 at 0x1a25311bf8>,0.01,0.5,2,50,300
1000,15.72337271607331,14.334133133072815,<function l1 at 0x1a25311bf8>,0.05,0.1,3,50,1000
1000,15.198484143984349,13.812947131769304,<function l1 at 0x1a25311bf8>,0.01,0.25,3,150,1000
1000,16.636970804360423,14.907260022103989,<function l1 at 0x1a25311bf8>,0.1,0.25,0,100,1000
500,16.2781939015854,14.892729524847875,<function l1 at 0x1a25311bf8>,0.05,0.1,3,100,500
1000,14.696643893511126,12.131671728391204,<function l1 at 0x1a25311bf8>,0.005,0.25,1,200,1000
500,15.712096048219223,14.032431524715228,<function l1 at 0x1a25311bf8>,0.05,0.1,2,50,500
300,15.181275603010032,12.643954865659754,<function l1 at 0x1a25311bf8>,0.01,0.1,3,150,300
300,15.542302999773252,14.28716342446488,<function l1 at 0x1a25311bf8>,0.01,0.5,3,150,300
1000,18.951038290139554,16.6364396960387,<function l1 at 0x1a25311bf8>,0.1,0.1,3,150,1000
500,17.054566260063552,15.426106765073126,<function l1 at 0x1a25311bf8>,0.1,0.25,1,50,500
500,17.48154321383675,16.10643943060835,<function l1 at 0x1a25311bf8>,0.1,0.25,2,50,500
1000,16.931460725286076,15.279462789490161,<function l1 at 0x1a25311bf8>,0.1,0.5,0,200,1000
500,16.354578249687254,14.661089851794129,<function l1 at 0x1a25311bf8>,0.1,0.1,0,200,500
500,14.504559715693732,12.410020715923029,<function l1 at 0x1a25311bf8>,0.01,0.1,1,100,500
300,17.31282907048127,15.97250097713276,<function l1 at 0x1a25311bf8>,0.05,0.25,3,150,300
300,14.429498605803639,12.542351276661234,<function l1 at 0x1a25311bf8>,0.005,0.25,0,200,300
1000,15.506352172992475,9.584103602650211,<function l1 at 0x1a25311bf8>,0.005,0.1,3,200,1000
300,16.17069743113656,14.912145286292208,<function l1 at 0x1a25311bf8>,0.05,0.25,1,50,300
300,16.899849858950812,15.373227244730309,<function l1 at 0x1a25311bf8>,0.05,0.5,1,150,300
300,14.591791911615859,11.350372657905483,<function l1 at 0x1a25311bf8>,0.005,0.1,3,100,300
500,14.513124533882241,12.754125618853628,<function l1 at 0x1a25311bf8>,0.01,0.25,0,200,500
500,18.042368264814794,16.7864346909226,<function l1 at 0x1a25311bf8>,0.05,0.5,3,50,500
1000,14.471153001357509,12.85692539193487,<function l1 at 0x1a25311bf8>,0.01,0.25,1,150,1000
300,14.9750648765262,13.584540889865275,<function l1 at 0x1a25311bf8>,0.01,0.5,0,50,300
300,14.48336272126452,13.027410435919583,<function l1 at 0x1a25311bf8>,0.005,0.5,0,50,300
1000,18.494403881888278,16.236438444489664,<function l1 at 0x1a25311bf8>,0.1,0.25,2,100,1000
500,16.302848856178628,14.871198397125555,<function l1 at 0x1a25311bf8>,0.05,0.25,1,200,500
300,16.69155124372417,15.102373208492015,<function l1 at 0x1a25311bf8>,0.1,0.25,0,200,300
300,14.614509427767631,13.00225481333576,<function l1 at 0x1a25311bf8>,0.01,0.25,1,50,300
300,14.828882052590162,12.448413213814101,<function l1 at 0x1a25311bf8>,0.01,0.1,3,50,300
500,18.771902952471006,16.502468437462674,<function l1 at 0x1a25311bf8>,0.1,0.1,2,150,500
500,14.491014910876594,12.349130459847023,<function l1 at 0x1a25311bf8>,0.01,0.1,1,50,500
1000,18.870813669189616,16.5648844493205,<function l1 at 0x1a25311bf8>,0.1,0.5,2,200,1000
1000,16.64528093866434,15.052908620909953,<function l1 at 0x1a25311bf8>,0.05,0.5,1,100,1000
500,18.719495219731392,16.503124052373902,<function l1 at 0x1a25311bf8>,0.1,0.1,3,100,500
500,14.8289234178991,11.164480840093281,<function l1 at 0x1a25311bf8>,0.005,0.1,2,50,500
300,18.871549115646484,16.603713008582524,<function l1 at 0x1a25311bf8>,0.1,0.25,2,150,300
1000,16.40963996117222,9.813095088453283,<function l1 at 0x1a25311bf8>,0.005,0.1,3,100,1000
500,16.892265053097365,15.546057303656537,<function l1 at 0x1a25311bf8>,0.1,0.1,2,50,500
1000,15.922741525091407,14.083248870694083,<function l1 at 0x1a25311bf8>,0.05,0.25,0,200,1000
500,14.437783285307066,12.430781213235477,<function l1 at 0x1a25311bf8>,0.01,0.1,1,200,500
300,15.278409098572341,13.811026626103057,<function l1 at 0x1a25311bf8>,0.005,0.5,3,150,300
500,15.6238105265635,13.78997790421932,<function l1 at 0x1a25311bf8>,0.05,0.1,0,150,500
500,16.77748646899704,14.969720189190667,<function l1 at 0x1a25311bf8>,0.1,0.25,0,150,500
300,16.512188712650993,15.027978728608664,<function l1 at 0x1a25311bf8>,0.1,0.25,0,100,300
300,17.06173322823557,15.46012607328214,<function l1 at 0x1a25311bf8>,0.1,0.5,0,50,300
500,15.743153099019798,14.036958318604484,<function l1 at 0x1a25311bf8>,0.05,0.1,0,200,500
300,16.834097278464125,15.20557959676464,<function l1 at 0x1a25311bf8>,0.1,0.1,2,50,300
300,17.08033151551098,15.604078002316225,<function l1 at 0x1a25311bf8>,0.05,0.25,3,50,300
1000,18.857341610347376,16.561597913739906,<function l1 at 0x1a25311bf8>,0.05,0.25,3,200,1000
300,14.409588306749088,12.10063624355018,<function l1 at 0x1a25311bf8>,0.005,0.1,1,200,300
1000,18.65496657832002,16.37662641540389,<function l1 at 0x1a25311bf8>,0.1,0.5,2,150,1000
500,19.047572095664634,16.765918930416603,<function l1 at 0x1a25311bf8>,0.1,0.25,3,150,500
300,14.624897291289155,12.88671471173469,<function l1 at 0x1a25311bf8>,0.01,0.25,1,100,300
500,14.510933065791873,12.419581212381814,<function l1 at 0x1a25311bf8>,0.005,0.25,1,200,500
300,14.435355809244443,12.380727214964438,<function l1 at 0x1a25311bf8>,0.005,0.25,1,50,300
1000,16.24263335658252,14.562163212561256,<function l1 at 0x1a25311bf8>,0.05,0.5,0,150,1000
500,14.665707355438876,12.326867106816776,<function l1 at 0x1a25311bf8>,0.01,0.1,2,100,500
1000,14.414860225919055,12.124189091700794,<function l1 at 0x1a25311bf8>,0.005,0.25,1,150,1000
300,15.22337488385807,13.900386051035413,<function l1 at 0x1a25311bf8>,0.01,0.5,2,100,300
1000,14.458920829843406,13.039326610543585,<function l1 at 0x1a25311bf8>,0.005,0.5,1,150,1000
500,14.449487365330114,12.480507974851442,<function l1 at 0x1a25311bf8>,0.005,0.25,1,150,500
1000,15.50119965435018,10.128038034838701,<function l1 at 0x1a25311bf8>,0.005,0.1,2,100,1000
1000,18.611382693288196,16.330356894911077,<function l1 at 0x1a25311bf8>,0.1,0.25,3,100,1000
300,19.629938563445,17.389130972519872,<function l1 at 0x1a25311bf8>,0.1,0.5,3,200,300
1000,17.02622376394146,15.377125842654962,<function l1 at 0x1a25311bf8>,0.1,0.5,0,100,1000
500,15.819530819210968,14.08056299548727,<function l1 at 0x1a25311bf8>,0.05,0.1,0,100,500
300,19.145468226208852,16.85347471528793,<function l1 at 0x1a25311bf8>,0.1,0.1,3,150,300
300,18.45517790600618,16.919737243436337,<function l1 at 0x1a25311bf8>,0.1,0.5,2,50,300
1000,14.803990457177477,12.98111965810186,<function l1 at 0x1a25311bf8>,0.01,0.25,2,200,1000
1000,14.501678049092558,12.286901383275758,<function l1 at 0x1a25311bf8>,0.01,0.1,1,100,1000
500,14.753799150361235,12.503191015863473,<function l1 at 0x1a25311bf8>,0.01,0.1,2,200,500
1000,14.570625269947707,12.285816665683976,<function l1 at 0x1a25311bf8>,0.01,0.1,1,200,1000
500,16.98351593319533,15.781235985415709,<function l1 at 0x1a25311bf8>,0.1,0.25,1,100,500
300,14.580648892787641,13.001978964929808,<function l1 at 0x1a25311bf8>,0.005,0.5,0,100,300
300,16.020809266686754,14.257702663287706,<function l1 at 0x1a25311bf8>,0.05,0.25,0,50,300
300,14.63832786278234,12.812683340917221,<function l1 at 0x1a25311bf8>,0.01,0.25,1,150,300
1000,18.607588667353728,16.33160345956666,<function l1 at 0x1a25311bf8>,0.05,0.5,2,200,1000
500,19.5128415366905,17.292298362317197,<function l1 at 0x1a25311bf8>,0.1,0.5,3,200,500
500,14.732338592056234,13.150563579183473,<function l1 at 0x1a25311bf8>,0.01,0.5,0,100,500
1000,14.86304633409807,13.235943543141452,<function l1 at 0x1a25311bf8>,0.005,0.5,2,150,1000
500,14.40048663534401,12.445966636338023,<function l1 at 0x1a25311bf8>,0.01,0.1,0,200,500
1000,16.878880151028998,15.413685443312234,<function l1 at 0x1a25311bf8>,0.05,0.5,1,50,1000
1000,14.926963930708752,13.559931475335853,<function l1 at 0x1a25311bf8>,0.01,0.5,1,150,1000
500,14.422398201079355,11.481141897182097,<function l1 at 0x1a25311bf8>,0.005,0.1,2,200,500
300,14.790826461560494,12.726720467564204,<function l1 at 0x1a25311bf8>,0.005,0.25,2,200,300
300,16.559800293955135,14.919157738863815,<function l1 at 0x1a25311bf8>,0.1,0.1,1,100,300
500,17.076944132278967,15.421366217452295,<function l1 at 0x1a25311bf8>,0.1,0.5,0,100,500
500,14.734602764602702,12.129798086691281,<function l1 at 0x1a25311bf8>,0.005,0.25,2,200,500
1000,18.8879289123817,16.626085439057743,<function l1 at 0x1a25311bf8>,0.1,0.25,2,200,1000
300,16.102962818498032,14.546735447098417,<function l1 at 0x1a25311bf8>,0.05,0.25,1,200,300
300,14.729883592801862,13.043140083045138,<function l1 at 0x1a25311bf8>,0.01,0.25,0,100,300
300,14.463758256001334,12.562073940868961,<function l1 at 0x1a25311bf8>,0.01,0.1,1,200,300
1000,14.325732968413421,12.655514098239783,<function l1 at 0x1a25311bf8>,0.005,0.5,1,100,1000
1000,16.503142271318662,14.936457363962452,<function l1 at 0x1a25311bf8>,0.1,0.1,1,150,1000
300,15.850163630885625,14.27750068612709,<function l1 at 0x1a25311bf8>,0.05,0.1,2,100,300
1000,16.1898557517019,14.541750388399256,<function l1 at 0x1a25311bf8>,0.05,0.5,0,200,1000
500,16.007463170859303,14.457729220795335,<function l1 at 0x1a25311bf8>,0.05,0.25,0,100,500
500,15.86295835449702,14.070351589846585,<function l1 at 0x1a25311bf8>,0.05,0.1,0,50,500
300,18.60706539707637,16.37951890204528,<function l1 at 0x1a25311bf8>,0.1,0.25,2,50,300
500,16.026579502075517,14.670743117111051,<function l1 at 0x1a25311bf8>,0.05,0.25,1,150,500
500,14.883852917160397,12.273116267280967,<function l1 at 0x1a25311bf8>,0.005,0.25,3,100,500
500,14.888170539231917,12.83848484942219,<function l1 at 0x1a25311bf8>,0.01,0.25,3,50,500
1000,15.113304972334085,13.417287781176453,<function l1 at 0x1a25311bf8>,0.005,0.5,3,100,1000
500,18.64498701070418,16.75412744195923,<function l1 at 0x1a25311bf8>,0.05,0.5,3,150,500
1000,15.862292498586045,14.310932497475992,<function l1 at 0x1a25311bf8>,0.05,0.25,0,100,1000
300,15.973461523534125,14.614796373879248,<function l1 at 0x1a25311bf8>,0.05,0.1,3,50,300
500,19.491438991476176,17.208797571478183,<function l1 at 0x1a25311bf8>,0.1,0.1,3,200,500
1000,19.37253766575715,17.075969138744867,<function l1 at 0x1a25311bf8>,0.1,0.5,3,200,1000
1000,14.548250949477143,12.716787964679376,<function l1 at 0x1a25311bf8>,0.01,0.25,1,50,1000
300,18.707289486887586,16.429560242260838,<function l1 at 0x1a25311bf8>,0.1,0.1,2,100,300
300,14.694946189669002,12.16915703899863,<function l1 at 0x1a25311bf8>,0.01,0.1,2,50,300
500,19.05111089922822,16.779623405309657,<function l1 at 0x1a25311bf8>,0.1,0.5,3,150,500
1000,14.947148114206923,9.906896769392937,<function l1 at 0x1a25311bf8>,0.005,0.1,3,50,1000
500,14.855887020483495,12.202633182702762,<function l1 at 0x1a25311bf8>,0.01,0.1,3,100,500
300,17.084689427177008,15.389704694564319,<function l1 at 0x1a25311bf8>,0.1,0.5,0,100,300
300,18.725097691478076,16.504777251661565,<function l1 at 0x1a25311bf8>,0.1,0.5,2,100,300
500,16.694700160567553,15.479283066055109,<function l1 at 0x1a25311bf8>,0.05,0.25,2,200,500
1000,15.28371651380232,12.239480054257005,<function l1 at 0x1a25311bf8>,0.005,0.25,3,200,1000
1000,14.259864340356913,12.175404064247589,<function l1 at 0x1a25311bf8>,0.01,0.1,0,50,1000
300,16.980558360157666,15.448662149811655,<function l1 at 0x1a25311bf8>,0.05,0.25,2,150,300
1000,17.30064946177138,15.677133642263618,<function l1 at 0x1a25311bf8>,0.05,0.5,2,50,1000
1000,14.286768909494606,12.364330846888024,<function l1 at 0x1a25311bf8>,0.01,0.1,1,150,1000
300,18.202503244606362,16.62835623156849,<function l1 at 0x1a25311bf8>,0.05,0.5,3,100,300
1000,18.85797710217398,16.57075607304125,<function l1 at 0x1a25311bf8>,0.05,0.5,3,200,1000
1000,14.739581383627135,12.863749491128889,<function l1 at 0x1a25311bf8>,0.01,0.25,2,150,1000
1000,14.832647896064618,12.91034894513382,<function l1 at 0x1a25311bf8>,0.005,0.5,2,50,1000
1000,16.08202076209881,14.999488498994475,<function l1 at 0x1a25311bf8>,0.05,0.25,2,50,1000
500,15.125104886560766,12.42747644605885,<function l1 at 0x1a25311bf8>,0.01,0.1,3,150,500
300,14.838073965741966,13.05667771353457,<function l1 at 0x1a25311bf8>,0.01,0.25,2,150,300
500,14.980586430642724,13.289773372939598,<function l1 at 0x1a25311bf8>,0.01,0.25,3,150,500
500,15.959498989236073,14.506618273487717,<function l1 at 0x1a25311bf8>,0.05,0.1,1,200,500
300,16.114051504311274,14.366644704868408,<function l1 at 0x1a25311bf8>,0.05,0.1,1,200,300
500,15.812973711924691,14.17585766922982,<function l1 at 0x1a25311bf8>,0.05,0.1,1,150,500
300,18.737296182436175,16.446697593680323,<function l1 at 0x1a25311bf8>,0.05,0.1,2,200,300
300,14.845575221924795,12.221526585510876,<function l1 at 0x1a25311bf8>,0.01,0.1,2,100,300
300,17.23032716081765,15.636990389494501,<function l1 at 0x1a25311bf8>,0.1,0.25,1,100,300
500,14.563809866641002,12.73029853047493,<function l1 at 0x1a25311bf8>,0.01,0.25,1,100,500
500,18.531673428880193,16.284056108373207,<function l1 at 0x1a25311bf8>,0.1,0.25,3,50,500
300,14.936298672316257,13.345096799822382,<function l1 at 0x1a25311bf8>,0.005,0.5,3,100,300
500,18.595434022767563,16.356657235565702,<function l1 at 0x1a25311bf8>,0.1,0.1,2,100,500
1000,15.589634683956257,14.289295493543891,<function l1 at 0x1a25311bf8>,0.05,0.1,2,150,1000
1000,15.60420718985686,13.902146485221751,<function l1 at 0x1a25311bf8>,0.05,0.1,2,100,1000
300,17.976153476886196,16.323026289891278,<function l1 at 0x1a25311bf8>,0.1,0.5,1,100,300
300,17.921739870136836,16.242948424100607,<function l1 at 0x1a25311bf8>,0.1,0.5,1,150,300
500,18.710693276337395,16.486244687677644,<function l1 at 0x1a25311bf8>,0.05,0.25,3,150,500
500,14.60767052230231,13.046868980943414,<function l1 at 0x1a25311bf8>,0.01,0.5,0,150,500
1000,15.418793982754911,14.28399572664047,<function l1 at 0x1a25311bf8>,0.01,0.5,3,150,1000
500,15.289561901998393,13.527278949828272,<function l1 at 0x1a25311bf8>,0.01,0.25,3,200,500
300,15.233978968497002,13.834374023860875,<function l1 at 0x1a25311bf8>,0.005,0.5,3,50,300
300,17.0913188249895,15.47462274588113,<function l1 at 0x1a25311bf8>,0.1,0.25,1,50,300
500,14.97846524382015,13.796344002672932,<function l1 at 0x1a25311bf8>,0.01,0.5,1,100,500
300,14.680366931301307,12.697496753316774,<function l1 at 0x1a25311bf8>,0.01,0.1,2,200,300
500,14.79913555537805,12.56896649670628,<function l1 at 0x1a25311bf8>,0.01,0.1,2,150,500
300,19.118858085773237,16.8475168688246,<function l1 at 0x1a25311bf8>,0.1,0.5,2,200,300
300,14.67507436973753,13.046955802027528,<function l1 at 0x1a25311bf8>,0.01,0.25,0,50,300
1000,16.64406625450758,14.849467989272467,<function l1 at 0x1a25311bf8>,0.1,0.25,0,150,1000
500,14.675862200341943,10.613699941105914,<function l1 at 0x1a25311bf8>,0.005,0.1,3,100,500
300,16.63979552477834,14.803541423780327,<function l1 at 0x1a25311bf8>,0.1,0.1,0,150,300
1000,14.523014414593538,12.066072150777988,<function l1 at 0x1a25311bf8>,0.005,0.25,2,200,1000
500,14.564098029778313,12.931996296918271,<function l1 at 0x1a25311bf8>,0.01,0.25,1,150,500
500,18.763036969469216,16.518284569780256,<function l1 at 0x1a25311bf8>,0.1,0.5,2,150,500
1000,14.843428660823047,13.562174103673156,<function l1 at 0x1a25311bf8>,0.01,0.5,1,200,1000
1000,18.438588268209575,16.388559799367144,<function l1 at 0x1a25311bf8>,0.1,0.5,2,50,1000
300,14.794185375475317,12.80327014231871,<function l1 at 0x1a25311bf8>,0.005,0.25,3,150,300
1000,15.122261507844547,10.461359172013175,<function l1 at 0x1a25311bf8>,0.005,0.1,2,200,1000
1000,16.510066173321967,14.835835093955087,<function l1 at 0x1a25311bf8>,0.1,0.25,0,50,1000
300,15.854057825335097,14.14638130905134,<function l1 at 0x1a25311bf8>,0.05,0.1,0,150,300
1000,18.476800528553984,16.190049523540424,<function l1 at 0x1a25311bf8>,0.1,0.5,2,100,1000
300,14.729546486545049,12.496357789261019,<function l1 at 0x1a25311bf8>,0.005,0.25,2,100,300
1000,17.0643587892477,15.274599893986842,<function l1 at 0x1a25311bf8>,0.1,0.5,0,50,1000
500,17.70529339873382,16.138523906435594,<function l1 at 0x1a25311bf8>,0.05,0.5,2,150,500
500,18.053686247652,16.14640893212531,<function l1 at 0x1a25311bf8>,0.1,0.5,1,200,500
300,17.614816368727066,16.101321527128988,<function l1 at 0x1a25311bf8>,0.05,0.5,2,100,300
500,15.149669219447315,10.905835098750458,<function l1 at 0x1a25311bf8>,0.005,0.1,3,200,500
300,16.34543342892287,14.827986856549135,<function l1 at 0x1a25311bf8>,0.05,0.25,1,150,300
300,15.833090077604027,14.039571613039598,<function l1 at 0x1a25311bf8>,0.05,0.1,1,50,300
300,15.079246919828229,13.294655559017055,<function l1 at 0x1a25311bf8>,0.01,0.25,3,200,300
500,16.32524702731412,14.577348709106445,<function l1 at 0x1a25311bf8>,0.05,0.5,0,100,500
1000,15.06152379858777,11.613352999141775,<function l1 at 0x1a25311bf8>,0.01,0.1,3,150,1000
1000,14.11953973644327,12.154666359535295,<function l1 at 0x1a25311bf8>,0.005,0.25,0,50,1000
1000,16.18276744027251,14.844470367561245,<function l1 at 0x1a25311bf8>,0.05,0.25,1,50,1000
300,19.585308293868493,17.271780020518317,<function l1 at 0x1a25311bf8>,0.1,0.1,3,200,300
300,17.786769013920686,16.095674022272785,<function l1 at 0x1a25311bf8>,0.05,0.5,2,200,300
500,18.526632386964984,16.24529668347887,<function l1 at 0x1a25311bf8>,0.1,0.5,3,50,500
500,19.04588508354328,16.796274178700433,<function l1 at 0x1a25311bf8>,0.1,0.1,3,150,500
500,15.115328924637042,13.481604311501318,<function l1 at 0x1a25311bf8>,0.01,0.5,2,150,500
300,14.45691278175817,12.379819631306528,<function l1 at 0x1a25311bf8>,0.005,0.1,0,50,300
1000,14.38216782748542,12.273339991391312,<function l1 at 0x1a25311bf8>,0.01,0.1,1,50,1000
1000,17.861739216505065,16.430670488731238,<function l1 at 0x1a25311bf8>,0.05,0.5,3,50,1000
300,14.803902837406048,13.220819039090978,<function l1 at 0x1a25311bf8>,0.01,0.25,2,100,300
1000,14.770951746636142,11.693086805592037,<function l1 at 0x1a25311bf8>,0.01,0.1,2,150,1000
1000,14.199585162240785,12.84669913035962,<function l1 at 0x1a25311bf8>,0.005,0.5,0,200,1000
1000,15.700198311918959,13.940459654258305,<function l1 at 0x1a25311bf8>,0.05,0.1,0,50,1000
1000,15.475945252541816,12.745303570346682,<function l1 at 0x1a25311bf8>,0.01,0.25,3,50,1000
300,14.770762476254264,12.573316509294347,<function l1 at 0x1a25311bf8>,0.01,0.1,2,150,300
300,14.419139589042965,12.258289879337713,<function l1 at 0x1a25311bf8>,0.005,0.1,0,150,300
500,14.370109257408686,11.768184173687668,<function l1 at 0x1a25311bf8>,0.005,0.1,1,150,500
500,17.13446544657282,15.428081691737622,<function l1 at 0x1a25311bf8>,0.1,0.5,0,200,500
300,14.574206191191259,12.711426360150831,<function l1 at 0x1a25311bf8>,0.01,0.25,0,150,300
1000,18.930783915960067,16.637000912313148,<function l1 at 0x1a25311bf8>,0.1,0.5,3,150,1000
500,14.513710681240918,12.927987284460531,<function l1 at 0x1a25311bf8>,0.005,0.5,1,200,500
1000,18.427882199551625,16.12972012840608,<function l1 at 0x1a25311bf8>,0.1,0.1,3,50,1000
300,16.500353269652514,15.350109711643794,<function l1 at 0x1a25311bf8>,0.05,0.25,2,100,300
1000,15.106205177810388,13.101483454655684,<function l1 at 0x1a25311bf8>,0.005,0.5,3,50,1000
1000,14.774417507302479,13.309855195431044,<function l1 at 0x1a25311bf8>,0.01,0.5,1,100,1000
300,15.416904363908994,13.978541023193912,<function l1 at 0x1a25311bf8>,0.01,0.5,3,50,300
300,18.814502514761166,16.585064279938607,<function l1 at 0x1a25311bf8>,0.1,0.1,3,100,300
500,14.782546471165478,12.992022223812807,<function l1 at 0x1a25311bf8>,0.01,0.25,2,200,500
300,16.923725996294248,15.501771603948262,<function l1 at 0x1a25311bf8>,0.05,0.25,2,200,300
1000,15.206596603494207,13.010111848738294,<function l1 at 0x1a25311bf8>,0.01,0.25,3,200,1000
500,14.330435375424992,12.87805506543152,<function l1 at 0x1a25311bf8>,0.005,0.5,0,100,500
300,16.165719560708723,14.606495158453624,<function l1 at 0x1a25311bf8>,0.05,0.25,0,200,300
300,14.465820443347136,12.585288450645024,<function l1 at 0x1a25311bf8>,0.01,0.1,0,200,300
300,16.460453144164074,14.930967827750495,<function l1 at 0x1a25311bf8>,0.1,0.1,1,150,300
300,14.99409166678275,13.903422767146662,<function l1 at 0x1a25311bf8>,0.01,0.5,1,50,300
300,18.75737297440582,16.508674288930063,<function l1 at 0x1a25311bf8>,0.05,0.1,3,150,300
500,16.73342028645538,14.972541866324091,<function l1 at 0x1a25311bf8>,0.1,0.25,0,50,500
300,14.359411064741794,12.192528559424463,<function l1 at 0x1a25311bf8>,0.005,0.1,0,200,300
300,15.079111133213093,13.29663302593296,<function l1 at 0x1a25311bf8>,0.01,0.25,3,150,300
500,15.244800544980334,13.641890829308792,<function l1 at 0x1a25311bf8>,0.005,0.5,3,150,500
1000,14.470636611878085,12.563251619565797,<function l1 at 0x1a25311bf8>,0.01,0.25,1,200,1000
500,14.569349189546932,12.947285897329467,<function l1 at 0x1a25311bf8>,0.01,0.25,0,150,500
1000,16.50868705205993,14.983092336125445,<function l1 at 0x1a25311bf8>,0.1,0.25,0,200,1000
300,14.903377965761049,12.267608900707414,<function l1 at 0x1a25311bf8>,0.005,0.25,3,100,300
1000,16.424601786369383,14.679960389099467,<function l1 at 0x1a25311bf8>,0.1,0.1,1,200,1000
300,16.07866124679042,14.506694723498645,<function l1 at 0x1a25311bf8>,0.05,0.25,0,150,300
300,16.103691941515436,14.606867583934745,<function l1 at 0x1a25311bf8>,0.05,0.25,0,100,300
1000,14.533501245101084,12.774854645993674,<function l1 at 0x1a25311bf8>,0.01,0.25,1,100,1000
1000,16.211071812068568,14.762077408225728,<function l1 at 0x1a25311bf8>,0.05,0.25,1,100,1000
1000,14.857366995949858,12.816824662455886,<function l1 at 0x1a25311bf8>,0.01,0.25,2,100,1000
300,14.649033676036744,13.036260340248877,<function l1 at 0x1a25311bf8>,0.005,0.5,2,50,300
1000,16.089759590128796,14.394993706440737,<function l1 at 0x1a25311bf8>,0.1,0.1,0,200,1000
500,14.323194942876972,12.694468909724787,<function l1 at 0x1a25311bf8>,0.005,0.5,0,200,500
500,15.001302129045955,13.327431267277166,<function l1 at 0x1a25311bf8>,0.005,0.5,3,50,500
500,14.670423891424818,13.202083697810448,<function l1 at 0x1a25311bf8>,0.01,0.5,0,50,500
500,15.993769819315002,14.304062694277391,<function l1 at 0x1a25311bf8>,0.05,0.25,0,200,500
300,14.336982032554445,12.351331707575314,<function l1 at 0x1a25311bf8>,0.005,0.25,1,100,300
500,14.927855267688278,13.553091113996668,<function l1 at 0x1a25311bf8>,0.01,0.5,1,200,500
1000,14.008822266218845,12.164182692124916,<function l1 at 0x1a25311bf8>,0.005,0.25,0,100,1000
1000,15.252013411559656,13.72492373111159,<function l1 at 0x1a25311bf8>,0.05,0.1,0,200,1000
500,14.273585262902493,11.993457419415968,<function l1 at 0x1a25311bf8>,0.005,0.1,0,50,500
1000,17.071616816961043,15.387067550711022,<function l1 at 0x1a25311bf8>,0.1,0.5,0,150,1000
300,18.613053344485,16.328435770382562,<function l1 at 0x1a25311bf8>,0.1,0.25,1,200,300
500,15.050408947121815,13.725746871930962,<function l1 at 0x1a25311bf8>,0.01,0.5,2,50,500
300,14.777806292108622,11.440082155834643,<function l1 at 0x1a25311bf8>,0.005,0.1,2,100,300
1000,14.271399457725183,12.506168615507512,<function l1 at 0x1a25311bf8>,0.01,0.25,0,50,1000
300,14.358572592521405,12.080848373076114,<function l1 at 0x1a25311bf8>,0.005,0.1,0,100,300
1000,14.66871870035861,13.429576969902756,<function l1 at 0x1a25311bf8>,0.01,0.5,1,50,1000
300,18.79821022204799,16.617192827831712,<function l1 at 0x1a25311bf8>,0.05,0.5,3,150,300
500,14.541360558180193,13.144302041992326,<function l1 at 0x1a25311bf8>,0.01,0.25,1,50,500
1000,15.423212116815169,10.045993763890165,<function l1 at 0x1a25311bf8>,0.005,0.1,3,150,1000
300,15.006755968511577,13.670157218708457,<function l1 at 0x1a25311bf8>,0.01,0.5,1,100,300
1000,16.368362358817954,14.497629517742084,<function l1 at 0x1a25311bf8>,0.1,0.1,0,150,1000
300,14.572454100233898,12.910388268268797,<function l1 at 0x1a25311bf8>,0.01,0.25,0,200,300
1000,14.213619736694094,12.836945062855497,<function l1 at 0x1a25311bf8>,0.005,0.5,0,50,1000
300,14.760972241927577,12.685445370787537,<function l1 at 0x1a25311bf8>,0.005,0.25,3,200,300
500,14.170427679701028,12.108078715215317,<function l1 at 0x1a25311bf8>,0.005,0.25,0,200,500
1000,15.494162806105802,14.169013054697592,<function l1 at 0x1a25311bf8>,0.01,0.5,3,100,1000
500,15.789113860017077,14.371844485013968,<function l1 at 0x1a25311bf8>,0.05,0.1,3,50,500
500,14.713925047096916,12.138493914836396,<function l1 at 0x1a25311bf8>,0.005,0.25,2,100,500
1000,14.369590744179597,11.528276665429432,<function l1 at 0x1a25311bf8>,0.005,0.1,1,150,1000
500,19.50157401052188,17.224631660521908,<function l1 at 0x1a25311bf8>,0.1,0.25,3,200,500
500,16.739114217833666,15.085502786517548,<function l1 at 0x1a25311bf8>,0.05,0.25,2,150,500
300,17.387873516233743,15.817814063377856,<function l1 at 0x1a25311bf8>,0.1,0.1,2,150,300
300,14.932332582398265,13.442856923640111,<function l1 at 0x1a25311bf8>,0.01,0.25,3,100,300
300,16.66225699824834,15.66465223146052,<function l1 at 0x1a25311bf8>,0.05,0.25,3,100,300
500,18.605254037399092,16.36221072411888,<function l1 at 0x1a25311bf8>,0.1,0.25,2,100,500
1000,16.73558092243124,15.150089767214126,<function l1 at 0x1a25311bf8>,0.1,0.1,2,50,1000
500,16.914044372639115,15.650906911657728,<function l1 at 0x1a25311bf8>,0.05,0.5,1,100,500
1000,18.66381181198563,16.363753614717268,<function l1 at 0x1a25311bf8>,0.1,0.25,2,150,1000
500,18.995483237394872,16.728397948285597,<function l1 at 0x1a25311bf8>,0.1,0.25,2,200,500
300,18.637238577991173,16.4026967326215,<function l1 at 0x1a25311bf8>,0.1,0.5,1,200,300
500,17.420541010934635,15.799664700962815,<function l1 at 0x1a25311bf8>,0.05,0.5,2,50,500
1000,18.39293048627144,16.125343154267842,<function l1 at 0x1a25311bf8>,0.1,0.5,3,50,1000
1000,14.319454401967393,12.491678956140884,<function l1 at 0x1a25311bf8>,0.01,0.25,0,100,1000
1000,15.360168626880897,14.326999318694204,<function l1 at 0x1a25311bf8>,0.01,0.5,3,50,1000
1000,16.344141240484795,14.834840774536133,<function l1 at 0x1a25311bf8>,0.1,0.1,1,100,1000
1000,17.892332243101578,16.109304227213357,<function l1 at 0x1a25311bf8>,0.1,0.5,1,200,1000
500,17.743654492662575,16.088461362897068,<function l1 at 0x1a25311bf8>,0.1,0.5,1,100,500
500,14.466193696125202,12.713218431915594,<function l1 at 0x1a25311bf8>,0.01,0.25,0,100,500
300,17.58512363333186,16.161599821304545,<function l1 at 0x1a25311bf8>,0.05,0.5,2,150,300
500,14.416477633654914,12.416422864453844,<function l1 at 0x1a25311bf8>,0.01,0.1,0,150,500
300,19.152760898217675,16.906105637685357,<function l1 at 0x1a25311bf8>,0.1,0.25,3,150,300
500,14.36439059340545,13.016248111141632,<function l1 at 0x1a25311bf8>,0.005,0.5,0,150,500
1000,19.40293410208106,17.13537036036041,<function l1 at 0x1a25311bf8>,0.1,0.1,3,200,1000
300,18.605363473414116,16.341448162852164,<function l1 at 0x1a25311bf8>,0.1,0.25,1,150,300
300,18.60101242870643,16.26973903435678,<function l1 at 0x1a25311bf8>,0.1,0.1,1,200,300
1000,18.856094649725037,16.605528388666,<function l1 at 0x1a25311bf8>,0.05,0.1,3,200,1000
300,14.589102429261622,11.747297249185944,<function l1 at 0x1a25311bf8>,0.005,0.1,1,100,300
500,16.57722080854753,14.8197360335768,<function l1 at 0x1a25311bf8>,0.1,0.1,0,100,500
300,14.699058814539443,11.510351499641738,<function l1 at 0x1a25311bf8>,0.005,0.1,3,50,300
1000,18.627016145509906,16.34649858658338,<function l1 at 0x1a25311bf8>,0.1,0.1,3,100,1000
1000,14.61814900878866,11.29115962712168,<function l1 at 0x1a25311bf8>,0.005,0.1,1,50,1000
300,15.884696847216121,14.200143103421341,<function l1 at 0x1a25311bf8>,0.05,0.1,1,150,300
500,16.292405760068064,14.727081203784705,<function l1 at 0x1a25311bf8>,0.05,0.5,0,200,500
1000,14.291531436990622,12.495059151611674,<function l1 at 0x1a25311bf8>,0.01,0.25,0,150,1000
500,14.916973716665384,13.416927499652314,<function l1 at 0x1a25311bf8>,0.01,0.25,3,100,500
1000,14.118878179615594,11.64633787420841,<function l1 at 0x1a25311bf8>,0.005,0.1,0,100,1000
1000,18.104029288078046,16.797907394029007,<function l1 at 0x1a25311bf8>,0.05,0.5,3,150,1000
300,14.450401202984409,12.73382979854182,<function l1 at 0x1a25311bf8>,0.005,0.25,0,50,300
500,15.287342437653555,10.872391266569005,<function l1 at 0x1a25311bf8>,0.005,0.1,3,50,500
500,15.990544321669123,14.463854198952628,<function l1 at 0x1a25311bf8>,0.05,0.25,0,50,500
300,16.999606129991033,15.620717007603544,<function l1 at 0x1a25311bf8>,0.05,0.5,1,200,300
1000,15.99137102393802,14.218392409932708,<function l1 at 0x1a25311bf8>,0.05,0.25,0,50,1000
500,14.769436870212605,10.856390485407138,<function l1 at 0x1a25311bf8>,0.005,0.1,3,150,500
