round_epochs,val_loss,loss,regularizer,Dropout,hidden_layers,hidden_nodes,epochs,patience
48,13.92480741012694,13.97612146613012,<keras.regularizers.L1L2 object at 0x1a218b7898>,0.3,1,75,1000,3
95,13.274962666795876,13.247270968060262,<keras.regularizers.L1L2 object at 0x1a218b79e8>,0.1,0,75,1000,3
87,13.811657721889365,14.049321678999732,<keras.regularizers.L1L2 object at 0x1a218b7978>,0.3,0,200,1000,5
128,13.45871306094771,13.504858766514745,<keras.regularizers.L1L2 object at 0x1a218b7978>,0.1,1,150,1000,5
76,14.241047089206827,14.548979637171916,<keras.regularizers.L1L2 object at 0x1a218b7978>,0.3,2,150,1000,3
85,13.077429542440852,12.895596353005985,<keras.regularizers.L1L2 object at 0x1a218b79e8>,0.1,0,150,1000,5
149,13.186602962363049,12.982139825010893,<keras.regularizers.L1L2 object at 0x1a218b7898>,0.1,1,150,1000,10
116,13.54177416346004,13.49467735139322,<keras.regularizers.L1L2 object at 0x1a218b7978>,0.1,1,200,1000,5
70,13.903142848555834,13.822941120186586,<keras.regularizers.L1L2 object at 0x1a218b7978>,0.1,1,150,1000,3
110,13.599283346714634,13.756651985280781,<keras.regularizers.L1L2 object at 0x1a218b7898>,0.3,1,200,1000,5
54,13.861133484852974,13.59364865455325,<keras.regularizers.L1L2 object at 0x1a218b7898>,0.2,1,200,1000,3
111,13.68055306638451,13.791987319764843,<keras.regularizers.L1L2 object at 0x1a218b7978>,0.1,2,150,1000,10
32,13.809227920773791,13.473219691154506,<keras.regularizers.L1L2 object at 0x1a218b79e8>,0.3,2,200,1000,3
64,13.452659302462374,13.3034114157222,<keras.regularizers.L1L2 object at 0x1a218b79e8>,0.3,2,200,1000,5
117,12.770896727931845,12.849036694113018,<keras.regularizers.L1L2 object at 0x1a218b79e8>,0.3,1,75,1000,10
89,13.791686239217391,13.946055646660914,<keras.regularizers.L1L2 object at 0x1a218b7978>,0.2,1,75,1000,5
75,13.122758535722316,12.37642262233073,<keras.regularizers.L1L2 object at 0x1a218b79e8>,0.1,2,75,1000,10
166,13.020300398401346,13.187269629870508,<keras.regularizers.L1L2 object at 0x1a218b7898>,0.2,1,150,1000,10
206,13.51482675698313,13.745292230478634,<keras.regularizers.L1L2 object at 0x1a218b7978>,0.3,0,150,1000,10
47,13.063875535547261,13.212688898581206,<keras.regularizers.L1L2 object at 0x1a218b79e8>,0.2,2,200,1000,5
71,13.869567488617507,13.772850697604879,<keras.regularizers.L1L2 object at 0x1a218b7898>,0.2,2,200,1000,5
141,13.225574702260362,13.150174881836836,<keras.regularizers.L1L2 object at 0x1a218b7898>,0.2,0,200,1000,10
51,13.06248185754137,12.582029552178907,<keras.regularizers.L1L2 object at 0x1a218b79e8>,0.1,2,75,1000,5
96,13.409072843264779,13.323931718871656,<keras.regularizers.L1L2 object at 0x1a218b7898>,0.1,2,200,1000,5
69,13.195515693020381,13.147022603727278,<keras.regularizers.L1L2 object at 0x1a218b79e8>,0.3,2,75,1000,10
55,13.448403763582336,13.349054307386803,<keras.regularizers.L1L2 object at 0x1a218b79e8>,0.3,2,150,1000,5
86,13.459048024582675,13.322623348992112,<keras.regularizers.L1L2 object at 0x1a218b7898>,0.1,2,75,1000,5
87,14.228844791100334,14.674688687005913,<keras.regularizers.L1L2 object at 0x1a218b7978>,0.3,2,150,1000,5
95,13.500132215998104,13.357020155624786,<keras.regularizers.L1L2 object at 0x1a218b7898>,0.1,1,200,1000,5
87,12.772199616897703,12.520099592370869,<keras.regularizers.L1L2 object at 0x1a218b79e8>,0.1,1,75,1000,5
48,13.196657764565662,13.012824088773803,<keras.regularizers.L1L2 object at 0x1a218b79e8>,0.1,1,75,1000,3
129,13.069715258313988,13.064649355101018,<keras.regularizers.L1L2 object at 0x1a218b79e8>,0.1,0,150,1000,10
79,13.702814774022569,13.92496263886362,<keras.regularizers.L1L2 object at 0x1a218b7978>,0.1,2,75,1000,5
90,13.329955221795155,13.33145967831293,<keras.regularizers.L1L2 object at 0x1a218b7898>,0.1,0,200,1000,3
92,13.623036940682846,13.513166358489817,<keras.regularizers.L1L2 object at 0x1a218b7898>,0.2,2,150,1000,5
124,13.040241110607942,13.059308976576256,<keras.regularizers.L1L2 object at 0x1a218b79e8>,0.1,0,200,1000,5
131,12.982905151347056,13.119711270013726,<keras.regularizers.L1L2 object at 0x1a218b79e8>,0.2,0,75,1000,5
140,13.587669558764134,13.682642372926257,<keras.regularizers.L1L2 object at 0x1a218b7978>,0.2,2,75,1000,10
114,13.92687054485633,14.264620726942882,<keras.regularizers.L1L2 object at 0x1a218b7978>,0.3,1,200,1000,5
53,13.891934784861542,14.187664284711516,<keras.regularizers.L1L2 object at 0x1a218b7898>,0.3,1,150,1000,3
54,13.174705382072831,13.183295896882244,<keras.regularizers.L1L2 object at 0x1a218b79e8>,0.2,1,200,1000,3
108,13.38149131382361,13.6607536788975,<keras.regularizers.L1L2 object at 0x1a218b7898>,0.3,0,75,1000,5
341,12.810642317920372,12.703599601477755,<keras.regularizers.L1L2 object at 0x1a218b7898>,0.1,0,150,1000,10
87,13.516470564386776,13.46186575236164,<keras.regularizers.L1L2 object at 0x1a218b7898>,0.1,0,75,1000,3
94,13.567305499456804,13.626131704682537,<keras.regularizers.L1L2 object at 0x1a218b7898>,0.3,1,75,1000,5
50,13.156645108024174,13.278463301005207,<keras.regularizers.L1L2 object at 0x1a218b79e8>,0.2,1,150,1000,5
62,14.086642972397616,14.01629380218575,<keras.regularizers.L1L2 object at 0x1a218b7978>,0.1,1,200,1000,3
41,13.412744398796464,13.425282148920667,<keras.regularizers.L1L2 object at 0x1a218b79e8>,0.3,1,200,1000,5
54,14.294301664609078,14.187039015652234,<keras.regularizers.L1L2 object at 0x1a218b7978>,0.2,1,200,1000,3
36,13.147351282567652,13.110823416358887,<keras.regularizers.L1L2 object at 0x1a218b79e8>,0.1,2,75,1000,3
110,13.087194868002214,13.033014058796763,<keras.regularizers.L1L2 object at 0x1a218b79e8>,0.1,0,75,1000,5
138,13.295143386619387,12.700140134394506,<keras.regularizers.L1L2 object at 0x1a218b7898>,0.1,2,150,1000,10
123,13.461470762469208,13.540001899442748,<keras.regularizers.L1L2 object at 0x1a218b7978>,0.1,1,75,1000,5
195,13.317702323591488,13.399401624772448,<keras.regularizers.L1L2 object at 0x1a218b7978>,0.1,1,200,1000,10
73,13.122427170383585,13.128601067738517,<keras.regularizers.L1L2 object at 0x1a218b79e8>,0.1,0,200,1000,3
208,13.398005140802791,13.21840943566535,<keras.regularizers.L1L2 object at 0x1a218b7978>,0.1,0,75,1000,10
95,13.213709803558592,13.365698983958191,<keras.regularizers.L1L2 object at 0x1a218b79e8>,0.3,0,200,1000,5
269,13.278948074280429,13.706774356276101,<keras.regularizers.L1L2 object at 0x1a218b7978>,0.3,0,200,1000,10
124,13.32281770932643,13.371314501303374,<keras.regularizers.L1L2 object at 0x1a218b7898>,0.2,1,150,1000,5
110,12.876696246909592,12.997562414927499,<keras.regularizers.L1L2 object at 0x1a218b79e8>,0.3,1,150,1000,10
118,13.063681459049436,13.146522675338176,<keras.regularizers.L1L2 object at 0x1a218b79e8>,0.2,0,200,1000,5
134,12.61628206298345,12.2592851362304,<keras.regularizers.L1L2 object at 0x1a218b79e8>,0.2,1,200,1000,10
65,12.978060519789643,12.814613417887877,<keras.regularizers.L1L2 object at 0x1a218b79e8>,0.2,1,200,1000,5
68,13.212100114545596,13.293315276149174,<keras.regularizers.L1L2 object at 0x1a218b79e8>,0.2,0,150,1000,3
57,14.340530526354948,14.710750376786677,<keras.regularizers.L1L2 object at 0x1a218b7978>,0.2,2,200,1000,3
61,14.123963771206093,14.288844578398448,<keras.regularizers.L1L2 object at 0x1a218b7978>,0.3,1,75,1000,3
155,13.337850095099698,13.485343576692644,<keras.regularizers.L1L2 object at 0x1a218b7898>,0.3,0,200,1000,10
54,14.378489828990443,14.607114035842912,<keras.regularizers.L1L2 object at 0x1a218b7978>,0.3,2,75,1000,3
72,13.355990296617977,13.705596856865716,<keras.regularizers.L1L2 object at 0x1a218b79e8>,0.3,0,150,1000,3
113,12.946570183796744,12.120824112357532,<keras.regularizers.L1L2 object at 0x1a218b79e8>,0.1,1,200,1000,10
155,13.433887718220815,13.622838269813684,<keras.regularizers.L1L2 object at 0x1a218b7978>,0.2,0,200,1000,5
176,13.083050071092268,13.121757634768805,<keras.regularizers.L1L2 object at 0x1a218b7898>,0.2,1,200,1000,10
56,14.217925348508327,14.372365331595779,<keras.regularizers.L1L2 object at 0x1a218b7978>,0.3,1,75,1000,5
73,13.84018665756588,14.050588428501635,<keras.regularizers.L1L2 object at 0x1a218b7978>,0.3,0,75,1000,3
39,13.467343083786776,13.674491294783078,<keras.regularizers.L1L2 object at 0x1a218b79e8>,0.3,2,75,1000,3
154,13.640895221981964,13.791237408820527,<keras.regularizers.L1L2 object at 0x1a218b7978>,0.2,2,200,1000,10
146,12.953509338298385,13.10537284902916,<keras.regularizers.L1L2 object at 0x1a218b79e8>,0.3,0,200,1000,10
164,13.237051946192114,13.405967513675193,<keras.regularizers.L1L2 object at 0x1a218b7898>,0.2,0,150,1000,10
159,13.327522360869636,13.357138506283441,<keras.regularizers.L1L2 object at 0x1a218b7898>,0.3,1,200,1000,10
149,13.355842526166608,13.403731729544168,<keras.regularizers.L1L2 object at 0x1a218b7898>,0.2,2,200,1000,10
112,13.662429145269469,13.659558301603807,<keras.regularizers.L1L2 object at 0x1a218b7978>,0.1,0,150,1000,5
160,13.311776022797838,13.235608435703162,<keras.regularizers.L1L2 object at 0x1a218b7898>,0.1,0,75,1000,10
58,13.072110022592671,13.174595831744668,<keras.regularizers.L1L2 object at 0x1a218b79e8>,0.2,2,200,1000,10
104,13.53369908093777,13.043354763450061,<keras.regularizers.L1L2 object at 0x1a218b7898>,0.1,2,200,1000,10
53,14.168701340466502,13.964369857027739,<keras.regularizers.L1L2 object at 0x1a218b7978>,0.1,2,150,1000,3
97,12.793992486666879,13.024692898293448,<keras.regularizers.L1L2 object at 0x1a218b79e8>,0.3,1,75,1000,5
47,13.350254848953288,12.96539134698438,<keras.regularizers.L1L2 object at 0x1a218b79e8>,0.2,2,150,1000,3
122,13.616009923587688,13.918416634556392,<keras.regularizers.L1L2 object at 0x1a218b7978>,0.3,0,75,1000,5
70,13.589412309249033,13.435028827878924,<keras.regularizers.L1L2 object at 0x1a218b7898>,0.1,1,150,1000,3
19,13.745656949549048,13.938730197746649,<keras.regularizers.L1L2 object at 0x1a218b79e8>,0.3,1,150,1000,3
112,13.02132576562484,12.914271758609829,<keras.regularizers.L1L2 object at 0x1a218b79e8>,0.2,1,75,1000,10
88,13.544814675967737,13.5814972615053,<keras.regularizers.L1L2 object at 0x1a218b7898>,0.3,1,150,1000,5
115,13.115825738630068,13.286273246713295,<keras.regularizers.L1L2 object at 0x1a218b79e8>,0.2,0,150,1000,5
152,13.446291752415156,12.932442860587132,<keras.regularizers.L1L2 object at 0x1a218b7898>,0.2,2,150,1000,10
386,13.195339150038746,13.29210380411634,<keras.regularizers.L1L2 object at 0x1a218b7978>,0.1,0,150,1000,10
19,13.924735310838845,13.680630365287461,<keras.regularizers.L1L2 object at 0x1a218b79e8>,0.1,2,200,1000,3
108,13.769644626526846,13.634851092795419,<keras.regularizers.L1L2 object at 0x1a218b7978>,0.1,2,200,1000,5
59,14.37328442294239,14.434731928435484,<keras.regularizers.L1L2 object at 0x1a218b7978>,0.2,2,150,1000,5
87,13.529277897132733,13.320768018811098,<keras.regularizers.L1L2 object at 0x1a218b7898>,0.1,1,150,1000,5
121,13.842015354488645,14.098662873221686,<keras.regularizers.L1L2 object at 0x1a218b7978>,0.3,2,75,1000,5
176,12.828607919033725,12.946868978567329,<keras.regularizers.L1L2 object at 0x1a218b79e8>,0.3,0,150,1000,10
52,13.325264515537071,13.382207181418604,<keras.regularizers.L1L2 object at 0x1a218b79e8>,0.3,1,75,1000,3
132,13.313551563071702,13.45016518049575,<keras.regularizers.L1L2 object at 0x1a218b7898>,0.3,1,75,1000,10
18,14.083342640255246,13.92506178859136,<keras.regularizers.L1L2 object at 0x1a218b79e8>,0.2,2,200,1000,3
123,13.10087475990557,13.382046052580646,<keras.regularizers.L1L2 object at 0x1a218b79e8>,0.3,0,150,1000,5
88,13.500352393983222,13.135475075528413,<keras.regularizers.L1L2 object at 0x1a218b7898>,0.1,2,150,1000,5
47,14.410531469259539,14.441172021971688,<keras.regularizers.L1L2 object at 0x1a218b7978>,0.2,1,150,1000,3
183,13.5551544732972,13.815501556526089,<keras.regularizers.L1L2 object at 0x1a218b7978>,0.2,0,75,1000,10
91,13.697087224995554,13.741725264967231,<keras.regularizers.L1L2 object at 0x1a218b7978>,0.1,0,150,1000,3
118,13.534335705095357,13.735100053849873,<keras.regularizers.L1L2 object at 0x1a218b7978>,0.1,0,200,1000,3
64,13.639531246275888,13.94531558999119,<keras.regularizers.L1L2 object at 0x1a218b7898>,0.3,0,75,1000,3
172,13.277147980038283,13.40957641169547,<keras.regularizers.L1L2 object at 0x1a218b7978>,0.1,1,75,1000,10
55,13.161719186324872,13.072534646480296,<keras.regularizers.L1L2 object at 0x1a218b79e8>,0.2,1,75,1000,5
48,14.000605746749837,14.15179327579209,<keras.regularizers.L1L2 object at 0x1a218b7898>,0.3,2,75,1000,3
47,13.201399279773078,12.990222433010286,<keras.regularizers.L1L2 object at 0x1a218b79e8>,0.1,1,150,1000,3
39,14.334784746799116,14.400547918619953,<keras.regularizers.L1L2 object at 0x1a218b7978>,0.2,1,75,1000,3
85,13.962343741847217,14.12559109014941,<keras.regularizers.L1L2 object at 0x1a218b7978>,0.2,1,200,1000,5
118,13.839318703221142,14.281177131937962,<keras.regularizers.L1L2 object at 0x1a218b7978>,0.3,2,75,1000,10
44,13.291158107465678,13.156149372779094,<keras.regularizers.L1L2 object at 0x1a218b79e8>,0.2,2,150,1000,5
79,13.960243147092633,14.309655982262687,<keras.regularizers.L1L2 object at 0x1a218b7978>,0.2,2,75,1000,5
49,13.800497460176574,13.684009035743376,<keras.regularizers.L1L2 object at 0x1a218b7898>,0.2,2,75,1000,3
107,13.597520392928715,13.859498100669576,<keras.regularizers.L1L2 object at 0x1a218b7898>,0.3,2,75,1000,10
135,13.259586424814994,13.346776592906982,<keras.regularizers.L1L2 object at 0x1a218b7898>,0.2,0,150,1000,5
62,13.22168688912505,12.749299927449037,<keras.regularizers.L1L2 object at 0x1a218b79e8>,0.1,1,150,1000,5
78,13.482244247496915,13.5182438577153,<keras.regularizers.L1L2 object at 0x1a218b7898>,0.2,1,75,1000,3
134,13.372769582240123,13.32454426075297,<keras.regularizers.L1L2 object at 0x1a218b7978>,0.1,2,200,1000,10
54,12.990560828538557,12.415167659487352,<keras.regularizers.L1L2 object at 0x1a218b79e8>,0.1,2,150,1000,10
83,13.677541093650154,13.800803920015744,<keras.regularizers.L1L2 object at 0x1a218b7898>,0.2,2,75,1000,5
77,13.56217297777966,14.009977108489887,<keras.regularizers.L1L2 object at 0x1a218b7898>,0.2,0,200,1000,5
87,13.299926866013017,13.817064278798087,<keras.regularizers.L1L2 object at 0x1a218b79e8>,0.3,0,75,1000,5
48,13.359188573027035,13.660089135304988,<keras.regularizers.L1L2 object at 0x1a218b79e8>,0.3,2,75,1000,5
84,13.741882928128607,14.090069810774427,<keras.regularizers.L1L2 object at 0x1a218b7978>,0.3,0,150,1000,3
202,12.990421725451789,13.072955605667822,<keras.regularizers.L1L2 object at 0x1a218b7898>,0.1,0,150,1000,5
58,13.275063763822288,12.814229134660074,<keras.regularizers.L1L2 object at 0x1a218b79e8>,0.2,1,75,1000,3
128,13.380674842794212,13.229937818015284,<keras.regularizers.L1L2 object at 0x1a218b7898>,0.2,2,75,1000,10
110,13.650492670668147,13.879628449307157,<keras.regularizers.L1L2 object at 0x1a218b7898>,0.3,2,200,1000,10
113,13.592646515778313,13.544415469617833,<keras.regularizers.L1L2 object at 0x1a218b7978>,0.1,2,75,1000,10
150,12.99510390903201,13.004755805869875,<keras.regularizers.L1L2 object at 0x1a218b79e8>,0.3,0,75,1000,10
117,12.777913253351377,12.399868813943485,<keras.regularizers.L1L2 object at 0x1a218b79e8>,0.1,1,150,1000,10
302,12.783902663983268,12.436534545699711,<keras.regularizers.L1L2 object at 0x1a218b79e8>,0.1,0,200,1000,10
99,13.401946822697381,13.763337406404696,<keras.regularizers.L1L2 object at 0x1a218b7898>,0.3,0,150,1000,5
48,13.145978449517001,12.891316045586143,<keras.regularizers.L1L2 object at 0x1a218b79e8>,0.1,2,150,1000,3
62,13.548282057125524,13.495227754858584,<keras.regularizers.L1L2 object at 0x1a218b7898>,0.1,1,75,1000,3
76,13.453304182570967,13.092749541640147,<keras.regularizers.L1L2 object at 0x1a218b79e8>,0.3,2,150,1000,10
111,13.38014842212043,13.441145373092771,<keras.regularizers.L1L2 object at 0x1a218b7898>,0.2,0,75,1000,3
101,13.79953560539789,13.804832806268609,<keras.regularizers.L1L2 object at 0x1a218b7898>,0.3,2,150,1000,10
218,13.40515610787988,13.53423132415806,<keras.regularizers.L1L2 object at 0x1a218b7978>,0.2,1,75,1000,10
42,14.14811045764933,14.292971504099102,<keras.regularizers.L1L2 object at 0x1a218b7898>,0.2,2,150,1000,3
243,13.206122181975433,13.150574294249036,<keras.regularizers.L1L2 object at 0x1a218b7978>,0.1,1,150,1000,10
43,14.136866287694444,14.335120167629634,<keras.regularizers.L1L2 object at 0x1a218b7898>,0.2,2,200,1000,3
171,13.550353226372309,13.759303629735857,<keras.regularizers.L1L2 object at 0x1a218b7978>,0.3,1,75,1000,10
111,13.08803712346623,13.201832441889417,<keras.regularizers.L1L2 object at 0x1a218b79e8>,0.2,0,75,1000,10
79,13.666745107847028,13.773545119392507,<keras.regularizers.L1L2 object at 0x1a218b7978>,0.1,1,75,1000,3
41,14.230805646146507,13.966892359075837,<keras.regularizers.L1L2 object at 0x1a218b7898>,0.1,2,150,1000,3
54,13.77412036352233,13.747735274067551,<keras.regularizers.L1L2 object at 0x1a218b7898>,0.2,1,150,1000,3
178,13.495240042895315,13.635529432804372,<keras.regularizers.L1L2 object at 0x1a218b7978>,0.3,1,200,1000,10
35,13.395609611571622,13.42985020353462,<keras.regularizers.L1L2 object at 0x1a218b79e8>,0.2,1,150,1000,3
108,13.642060292427647,13.8542746925138,<keras.regularizers.L1L2 object at 0x1a218b7978>,0.2,0,75,1000,3
56,13.127846199478512,13.257241324687193,<keras.regularizers.L1L2 object at 0x1a218b79e8>,0.3,1,150,1000,5
129,13.676457397541459,13.695459280521657,<keras.regularizers.L1L2 object at 0x1a218b7978>,0.2,2,150,1000,10
140,13.606339421939095,13.624238646043926,<keras.regularizers.L1L2 object at 0x1a218b7978>,0.2,0,150,1000,5
46,13.05095231753226,12.916249887589554,<keras.regularizers.L1L2 object at 0x1a218b79e8>,0.1,1,200,1000,3
82,13.237009549203837,13.110014527732357,<keras.regularizers.L1L2 object at 0x1a218b79e8>,0.3,2,200,1000,10
29,13.967852235154929,14.134850397250391,<keras.regularizers.L1L2 object at 0x1a218b79e8>,0.3,2,150,1000,3
119,13.03458722096949,12.779017674153415,<keras.regularizers.L1L2 object at 0x1a218b79e8>,0.3,1,200,1000,10
219,13.368586985605688,13.391567044457926,<keras.regularizers.L1L2 object at 0x1a218b7978>,0.3,0,75,1000,10
290,13.013627553049051,13.03170094538653,<keras.regularizers.L1L2 object at 0x1a218b7898>,0.2,0,75,1000,10
58,14.387954611262419,14.718076564447527,<keras.regularizers.L1L2 object at 0x1a218b7978>,0.3,2,200,1000,3
59,14.188029070328282,14.436029646971758,<keras.regularizers.L1L2 object at 0x1a218b7978>,0.2,2,75,1000,3
160,13.652875359265973,14.105359765438369,<keras.regularizers.L1L2 object at 0x1a218b7978>,0.3,1,150,1000,10
104,13.183078124214918,13.041869322278897,<keras.regularizers.L1L2 object at 0x1a218b7898>,0.1,1,75,1000,5
107,13.765394968219043,13.792475230561513,<keras.regularizers.L1L2 object at 0x1a218b7978>,0.2,1,150,1000,5
84,13.755170791948062,13.798284736387052,<keras.regularizers.L1L2 object at 0x1a218b7978>,0.1,0,75,1000,3
154,13.121014452861292,12.894353834175982,<keras.regularizers.L1L2 object at 0x1a218b7898>,0.1,1,75,1000,10
151,13.292027423123885,13.173681058268045,<keras.regularizers.L1L2 object at 0x1a218b7898>,0.2,1,75,1000,10
101,13.035609086773956,13.223096702808972,<keras.regularizers.L1L2 object at 0x1a218b79e8>,0.2,0,75,1000,3
81,13.702390222876556,13.792223013405891,<keras.regularizers.L1L2 object at 0x1a218b7898>,0.3,2,200,1000,5
75,13.695665520539698,13.999511467100945,<keras.regularizers.L1L2 object at 0x1a218b7898>,0.3,2,150,1000,5
45,14.525715875751425,14.536136643397848,<keras.regularizers.L1L2 object at 0x1a218b7978>,0.2,2,150,1000,3
129,12.646182854131533,12.287859492231739,<keras.regularizers.L1L2 object at 0x1a218b79e8>,0.1,1,75,1000,10
48,14.35652263560836,14.767109299570086,<keras.regularizers.L1L2 object at 0x1a218b7978>,0.3,1,150,1000,3
101,12.766758747654414,12.538079038211741,<keras.regularizers.L1L2 object at 0x1a218b79e8>,0.2,1,150,1000,10
315,13.153442541338837,13.251183018408977,<keras.regularizers.L1L2 object at 0x1a218b7978>,0.1,0,200,1000,10
114,13.356313827484453,13.14606031286082,<keras.regularizers.L1L2 object at 0x1a218b7898>,0.1,2,75,1000,10
86,13.465259136813927,13.308616387614578,<keras.regularizers.L1L2 object at 0x1a218b7898>,0.1,1,200,1000,3
30,14.455986133666025,14.317734702122172,<keras.regularizers.L1L2 object at 0x1a218b7898>,0.1,2,200,1000,3
63,12.96049017767793,12.805636718616075,<keras.regularizers.L1L2 object at 0x1a218b79e8>,0.2,2,75,1000,5
127,13.271570077357632,13.148145486652378,<keras.regularizers.L1L2 object at 0x1a218b7898>,0.1,0,75,1000,5
76,13.161426667487715,13.201068584403258,<keras.regularizers.L1L2 object at 0x1a218b79e8>,0.2,0,200,1000,3
86,13.450883686699779,13.793076181465745,<keras.regularizers.L1L2 object at 0x1a218b7898>,0.3,0,200,1000,5
188,13.677405737320791,14.189754812255721,<keras.regularizers.L1L2 object at 0x1a218b7978>,0.3,2,200,1000,10
30,13.510374585053537,13.47515566945751,<keras.regularizers.L1L2 object at 0x1a218b79e8>,0.3,1,200,1000,3
66,13.614584477407007,13.891560583665443,<keras.regularizers.L1L2 object at 0x1a218b7898>,0.3,0,150,1000,3
175,12.949251990205065,12.778171718593091,<keras.regularizers.L1L2 object at 0x1a218b79e8>,0.1,0,75,1000,10
57,14.409160548590105,14.383293998605938,<keras.regularizers.L1L2 object at 0x1a218b7978>,0.1,2,200,1000,3
65,13.764644028958042,13.668596850921181,<keras.regularizers.L1L2 object at 0x1a218b7898>,0.2,1,200,1000,5
74,13.218679727539223,13.39374219304708,<keras.regularizers.L1L2 object at 0x1a218b79e8>,0.3,0,75,1000,3
62,13.707100697117305,13.857752073121638,<keras.regularizers.L1L2 object at 0x1a218b7898>,0.2,0,200,1000,3
188,13.147941284884249,13.29081104403849,<keras.regularizers.L1L2 object at 0x1a218b7898>,0.3,1,150,1000,10
109,13.39408786189902,13.209154800812493,<keras.regularizers.L1L2 object at 0x1a218b7898>,0.2,1,75,1000,5
61,12.961096650377742,12.664114155018721,<keras.regularizers.L1L2 object at 0x1a218b79e8>,0.1,1,200,1000,5
130,13.31500220739118,13.250828033395424,<keras.regularizers.L1L2 object at 0x1a218b7898>,0.1,0,150,1000,3
68,12.97606086479328,12.734991877157313,<keras.regularizers.L1L2 object at 0x1a218b79e8>,0.2,2,75,1000,10
326,13.15189784812424,13.204980386883054,<keras.regularizers.L1L2 object at 0x1a218b7978>,0.2,0,150,1000,10
64,13.03367058016694,12.378634214131235,<keras.regularizers.L1L2 object at 0x1a218b79e8>,0.1,2,200,1000,10
139,13.298250112810361,13.00600936431712,<keras.regularizers.L1L2 object at 0x1a218b7898>,0.1,1,200,1000,10
41,14.391327764868421,14.577275769761842,<keras.regularizers.L1L2 object at 0x1a218b7898>,0.3,2,150,1000,3
120,13.351580969576471,13.460059404643179,<keras.regularizers.L1L2 object at 0x1a218b7898>,0.1,0,200,1000,5
56,13.306810628141136,13.359744437013585,<keras.regularizers.L1L2 object at 0x1a218b79e8>,0.1,0,150,1000,3
178,13.190202290275796,13.225017201994985,<keras.regularizers.L1L2 object at 0x1a218b7898>,0.1,0,200,1000,10
140,13.813118476666373,13.985592303162658,<keras.regularizers.L1L2 object at 0x1a218b7978>,0.3,2,150,1000,10
81,13.703310891002968,13.84254830123884,<keras.regularizers.L1L2 object at 0x1a218b7898>,0.3,1,200,1000,3
167,13.407388963925808,13.399891938655589,<keras.regularizers.L1L2 object at 0x1a218b7978>,0.1,0,200,1000,5
178,12.895187815764334,12.955216690746061,<keras.regularizers.L1L2 object at 0x1a218b79e8>,0.2,0,150,1000,10
52,13.12802425223479,12.897911947688861,<keras.regularizers.L1L2 object at 0x1a218b79e8>,0.1,2,200,1000,5
135,13.477085498517924,13.420452605017449,<keras.regularizers.L1L2 object at 0x1a218b7978>,0.1,0,75,1000,5
195,13.321802906751003,13.731961552716058,<keras.regularizers.L1L2 object at 0x1a218b7978>,0.2,1,200,1000,10
66,14.087265734307683,13.94922340712758,<keras.regularizers.L1L2 object at 0x1a218b7978>,0.1,2,75,1000,3
102,13.626861426320742,13.82771343283043,<keras.regularizers.L1L2 object at 0x1a218b7978>,0.2,0,200,1000,3
39,13.208027270978862,13.065307940119121,<keras.regularizers.L1L2 object at 0x1a218b79e8>,0.1,2,150,1000,5
85,13.781128196414354,14.09717442090217,<keras.regularizers.L1L2 object at 0x1a218b7978>,0.3,0,200,1000,3
154,13.285660409046667,13.587193406991753,<keras.regularizers.L1L2 object at 0x1a218b7898>,0.3,0,150,1000,10
71,13.589125582913924,13.748241938659046,<keras.regularizers.L1L2 object at 0x1a218b7898>,0.2,0,150,1000,3
120,13.5574990350527,13.613391368602437,<keras.regularizers.L1L2 object at 0x1a218b7978>,0.2,0,75,1000,5
126,13.072509826015986,13.137740096311472,<keras.regularizers.L1L2 object at 0x1a218b79e8>,0.2,0,200,1000,10
65,14.301495300433881,14.430331343567655,<keras.regularizers.L1L2 object at 0x1a218b7978>,0.2,2,200,1000,5
35,13.438614344533956,13.430240365413955,<keras.regularizers.L1L2 object at 0x1a218b79e8>,0.2,2,75,1000,3
82,13.262650595491355,13.282914007236572,<keras.regularizers.L1L2 object at 0x1a218b79e8>,0.3,0,200,1000,3
151,13.216532971424918,13.093020110816134,<keras.regularizers.L1L2 object at 0x1a218b7898>,0.2,0,75,1000,5
64,13.17006353967108,12.806113134019101,<keras.regularizers.L1L2 object at 0x1a218b79e8>,0.2,2,150,1000,10
30,14.254029072683531,14.174730796641159,<keras.regularizers.L1L2 object at 0x1a218b7898>,0.1,2,75,1000,3
131,13.350944395744706,13.783093425452641,<keras.regularizers.L1L2 object at 0x1a218b7898>,0.3,0,75,1000,10
184,13.449185059378832,13.579721281239562,<keras.regularizers.L1L2 object at 0x1a218b7978>,0.2,0,200,1000,10
132,13.483433388782995,13.608294567462407,<keras.regularizers.L1L2 object at 0x1a218b7978>,0.1,2,150,1000,5
203,13.465772077716435,13.564965739525594,<keras.regularizers.L1L2 object at 0x1a218b7978>,0.2,1,150,1000,10
112,14.130984318916905,14.361493999528722,<keras.regularizers.L1L2 object at 0x1a218b7978>,0.3,2,200,1000,5
118,13.615967378138238,13.960005386499425,<keras.regularizers.L1L2 object at 0x1a218b7978>,0.3,0,150,1000,5
90,13.600202193046307,13.79728347717838,<keras.regularizers.L1L2 object at 0x1a218b7898>,0.3,2,75,1000,5
77,13.522948831241175,13.845635321240193,<keras.regularizers.L1L2 object at 0x1a218b7898>,0.3,0,200,1000,3
41,14.392134646312542,14.364794723579864,<keras.regularizers.L1L2 object at 0x1a218b7898>,0.3,2,200,1000,3
80,14.029881625817131,14.25221948202442,<keras.regularizers.L1L2 object at 0x1a218b7978>,0.3,1,200,1000,3
141,13.517982601175836,13.790831732182918,<keras.regularizers.L1L2 object at 0x1a218b7978>,0.2,0,150,1000,3
97,13.896906548250948,14.239451221539507,<keras.regularizers.L1L2 object at 0x1a218b7978>,0.3,1,150,1000,5
